1:8000,chunk,replicate
1,1,1
2,2,1
3,3,1
4,4,1
5,5,1
6,6,1
7,7,1
8,8,1
9,1,2
10,2,2
11,3,2
12,4,2
13,5,2
14,6,2
15,7,2
16,8,2
17,1,3
18,2,3
19,3,3
20,4,3
21,5,3
22,6,3
23,7,3
24,8,3
25,1,4
26,2,4
27,3,4
28,4,4
29,5,4
30,6,4
31,7,4
32,8,4
33,1,5
34,2,5
35,3,5
36,4,5
37,5,5
38,6,5
39,7,5
40,8,5
41,1,6
42,2,6
43,3,6
44,4,6
45,5,6
46,6,6
47,7,6
48,8,6
49,1,7
50,2,7
51,3,7
52,4,7
53,5,7
54,6,7
55,7,7
56,8,7
57,1,8
58,2,8
59,3,8
60,4,8
61,5,8
62,6,8
63,7,8
64,8,8
65,1,9
66,2,9
67,3,9
68,4,9
69,5,9
70,6,9
71,7,9
72,8,9
73,1,10
74,2,10
75,3,10
76,4,10
77,5,10
78,6,10
79,7,10
80,8,10
81,1,11
82,2,11
83,3,11
84,4,11
85,5,11
86,6,11
87,7,11
88,8,11
89,1,12
90,2,12
91,3,12
92,4,12
93,5,12
94,6,12
95,7,12
96,8,12
97,1,13
98,2,13
99,3,13
100,4,13
101,5,13
102,6,13
103,7,13
104,8,13
105,1,14
106,2,14
107,3,14
108,4,14
109,5,14
110,6,14
111,7,14
112,8,14
113,1,15
114,2,15
115,3,15
116,4,15
117,5,15
118,6,15
119,7,15
120,8,15
121,1,16
122,2,16
123,3,16
124,4,16
125,5,16
126,6,16
127,7,16
128,8,16
129,1,17
130,2,17
131,3,17
132,4,17
133,5,17
134,6,17
135,7,17
136,8,17
137,1,18
138,2,18
139,3,18
140,4,18
141,5,18
142,6,18
143,7,18
144,8,18
145,1,19
146,2,19
147,3,19
148,4,19
149,5,19
150,6,19
151,7,19
152,8,19
153,1,20
154,2,20
155,3,20
156,4,20
157,5,20
158,6,20
159,7,20
160,8,20
161,1,21
162,2,21
163,3,21
164,4,21
165,5,21
166,6,21
167,7,21
168,8,21
169,1,22
170,2,22
171,3,22
172,4,22
173,5,22
174,6,22
175,7,22
176,8,22
177,1,23
178,2,23
179,3,23
180,4,23
181,5,23
182,6,23
183,7,23
184,8,23
185,1,24
186,2,24
187,3,24
188,4,24
189,5,24
190,6,24
191,7,24
192,8,24
193,1,25
194,2,25
195,3,25
196,4,25
197,5,25
198,6,25
199,7,25
200,8,25
201,1,26
202,2,26
203,3,26
204,4,26
205,5,26
206,6,26
207,7,26
208,8,26
209,1,27
210,2,27
211,3,27
212,4,27
213,5,27
214,6,27
215,7,27
216,8,27
217,1,28
218,2,28
219,3,28
220,4,28
221,5,28
222,6,28
223,7,28
224,8,28
225,1,29
226,2,29
227,3,29
228,4,29
229,5,29
230,6,29
231,7,29
232,8,29
233,1,30
234,2,30
235,3,30
236,4,30
237,5,30
238,6,30
239,7,30
240,8,30
241,1,31
242,2,31
243,3,31
244,4,31
245,5,31
246,6,31
247,7,31
248,8,31
249,1,32
250,2,32
251,3,32
252,4,32
253,5,32
254,6,32
255,7,32
256,8,32
257,1,33
258,2,33
259,3,33
260,4,33
261,5,33
262,6,33
263,7,33
264,8,33
265,1,34
266,2,34
267,3,34
268,4,34
269,5,34
270,6,34
271,7,34
272,8,34
273,1,35
274,2,35
275,3,35
276,4,35
277,5,35
278,6,35
279,7,35
280,8,35
281,1,36
282,2,36
283,3,36
284,4,36
285,5,36
286,6,36
287,7,36
288,8,36
289,1,37
290,2,37
291,3,37
292,4,37
293,5,37
294,6,37
295,7,37
296,8,37
297,1,38
298,2,38
299,3,38
300,4,38
301,5,38
302,6,38
303,7,38
304,8,38
305,1,39
306,2,39
307,3,39
308,4,39
309,5,39
310,6,39
311,7,39
312,8,39
313,1,40
314,2,40
315,3,40
316,4,40
317,5,40
318,6,40
319,7,40
320,8,40
321,1,41
322,2,41
323,3,41
324,4,41
325,5,41
326,6,41
327,7,41
328,8,41
329,1,42
330,2,42
331,3,42
332,4,42
333,5,42
334,6,42
335,7,42
336,8,42
337,1,43
338,2,43
339,3,43
340,4,43
341,5,43
342,6,43
343,7,43
344,8,43
345,1,44
346,2,44
347,3,44
348,4,44
349,5,44
350,6,44
351,7,44
352,8,44
353,1,45
354,2,45
355,3,45
356,4,45
357,5,45
358,6,45
359,7,45
360,8,45
361,1,46
362,2,46
363,3,46
364,4,46
365,5,46
366,6,46
367,7,46
368,8,46
369,1,47
370,2,47
371,3,47
372,4,47
373,5,47
374,6,47
375,7,47
376,8,47
377,1,48
378,2,48
379,3,48
380,4,48
381,5,48
382,6,48
383,7,48
384,8,48
385,1,49
386,2,49
387,3,49
388,4,49
389,5,49
390,6,49
391,7,49
392,8,49
393,1,50
394,2,50
395,3,50
396,4,50
397,5,50
398,6,50
399,7,50
400,8,50
401,1,51
402,2,51
403,3,51
404,4,51
405,5,51
406,6,51
407,7,51
408,8,51
409,1,52
410,2,52
411,3,52
412,4,52
413,5,52
414,6,52
415,7,52
416,8,52
417,1,53
418,2,53
419,3,53
420,4,53
421,5,53
422,6,53
423,7,53
424,8,53
425,1,54
426,2,54
427,3,54
428,4,54
429,5,54
430,6,54
431,7,54
432,8,54
433,1,55
434,2,55
435,3,55
436,4,55
437,5,55
438,6,55
439,7,55
440,8,55
441,1,56
442,2,56
443,3,56
444,4,56
445,5,56
446,6,56
447,7,56
448,8,56
449,1,57
450,2,57
451,3,57
452,4,57
453,5,57
454,6,57
455,7,57
456,8,57
457,1,58
458,2,58
459,3,58
460,4,58
461,5,58
462,6,58
463,7,58
464,8,58
465,1,59
466,2,59
467,3,59
468,4,59
469,5,59
470,6,59
471,7,59
472,8,59
473,1,60
474,2,60
475,3,60
476,4,60
477,5,60
478,6,60
479,7,60
480,8,60
481,1,61
482,2,61
483,3,61
484,4,61
485,5,61
486,6,61
487,7,61
488,8,61
489,1,62
490,2,62
491,3,62
492,4,62
493,5,62
494,6,62
495,7,62
496,8,62
497,1,63
498,2,63
499,3,63
500,4,63
501,5,63
502,6,63
503,7,63
504,8,63
505,1,64
506,2,64
507,3,64
508,4,64
509,5,64
510,6,64
511,7,64
512,8,64
513,1,65
514,2,65
515,3,65
516,4,65
517,5,65
518,6,65
519,7,65
520,8,65
521,1,66
522,2,66
523,3,66
524,4,66
525,5,66
526,6,66
527,7,66
528,8,66
529,1,67
530,2,67
531,3,67
532,4,67
533,5,67
534,6,67
535,7,67
536,8,67
537,1,68
538,2,68
539,3,68
540,4,68
541,5,68
542,6,68
543,7,68
544,8,68
545,1,69
546,2,69
547,3,69
548,4,69
549,5,69
550,6,69
551,7,69
552,8,69
553,1,70
554,2,70
555,3,70
556,4,70
557,5,70
558,6,70
559,7,70
560,8,70
561,1,71
562,2,71
563,3,71
564,4,71
565,5,71
566,6,71
567,7,71
568,8,71
569,1,72
570,2,72
571,3,72
572,4,72
573,5,72
574,6,72
575,7,72
576,8,72
577,1,73
578,2,73
579,3,73
580,4,73
581,5,73
582,6,73
583,7,73
584,8,73
585,1,74
586,2,74
587,3,74
588,4,74
589,5,74
590,6,74
591,7,74
592,8,74
593,1,75
594,2,75
595,3,75
596,4,75
597,5,75
598,6,75
599,7,75
600,8,75
601,1,76
602,2,76
603,3,76
604,4,76
605,5,76
606,6,76
607,7,76
608,8,76
609,1,77
610,2,77
611,3,77
612,4,77
613,5,77
614,6,77
615,7,77
616,8,77
617,1,78
618,2,78
619,3,78
620,4,78
621,5,78
622,6,78
623,7,78
624,8,78
625,1,79
626,2,79
627,3,79
628,4,79
629,5,79
630,6,79
631,7,79
632,8,79
633,1,80
634,2,80
635,3,80
636,4,80
637,5,80
638,6,80
639,7,80
640,8,80
641,1,81
642,2,81
643,3,81
644,4,81
645,5,81
646,6,81
647,7,81
648,8,81
649,1,82
650,2,82
651,3,82
652,4,82
653,5,82
654,6,82
655,7,82
656,8,82
657,1,83
658,2,83
659,3,83
660,4,83
661,5,83
662,6,83
663,7,83
664,8,83
665,1,84
666,2,84
667,3,84
668,4,84
669,5,84
670,6,84
671,7,84
672,8,84
673,1,85
674,2,85
675,3,85
676,4,85
677,5,85
678,6,85
679,7,85
680,8,85
681,1,86
682,2,86
683,3,86
684,4,86
685,5,86
686,6,86
687,7,86
688,8,86
689,1,87
690,2,87
691,3,87
692,4,87
693,5,87
694,6,87
695,7,87
696,8,87
697,1,88
698,2,88
699,3,88
700,4,88
701,5,88
702,6,88
703,7,88
704,8,88
705,1,89
706,2,89
707,3,89
708,4,89
709,5,89
710,6,89
711,7,89
712,8,89
713,1,90
714,2,90
715,3,90
716,4,90
717,5,90
718,6,90
719,7,90
720,8,90
721,1,91
722,2,91
723,3,91
724,4,91
725,5,91
726,6,91
727,7,91
728,8,91
729,1,92
730,2,92
731,3,92
732,4,92
733,5,92
734,6,92
735,7,92
736,8,92
737,1,93
738,2,93
739,3,93
740,4,93
741,5,93
742,6,93
743,7,93
744,8,93
745,1,94
746,2,94
747,3,94
748,4,94
749,5,94
750,6,94
751,7,94
752,8,94
753,1,95
754,2,95
755,3,95
756,4,95
757,5,95
758,6,95
759,7,95
760,8,95
761,1,96
762,2,96
763,3,96
764,4,96
765,5,96
766,6,96
767,7,96
768,8,96
769,1,97
770,2,97
771,3,97
772,4,97
773,5,97
774,6,97
775,7,97
776,8,97
777,1,98
778,2,98
779,3,98
780,4,98
781,5,98
782,6,98
783,7,98
784,8,98
785,1,99
786,2,99
787,3,99
788,4,99
789,5,99
790,6,99
791,7,99
792,8,99
793,1,100
794,2,100
795,3,100
796,4,100
797,5,100
798,6,100
799,7,100
800,8,100
801,1,101
802,2,101
803,3,101
804,4,101
805,5,101
806,6,101
807,7,101
808,8,101
809,1,102
810,2,102
811,3,102
812,4,102
813,5,102
814,6,102
815,7,102
816,8,102
817,1,103
818,2,103
819,3,103
820,4,103
821,5,103
822,6,103
823,7,103
824,8,103
825,1,104
826,2,104
827,3,104
828,4,104
829,5,104
830,6,104
831,7,104
832,8,104
833,1,105
834,2,105
835,3,105
836,4,105
837,5,105
838,6,105
839,7,105
840,8,105
841,1,106
842,2,106
843,3,106
844,4,106
845,5,106
846,6,106
847,7,106
848,8,106
849,1,107
850,2,107
851,3,107
852,4,107
853,5,107
854,6,107
855,7,107
856,8,107
857,1,108
858,2,108
859,3,108
860,4,108
861,5,108
862,6,108
863,7,108
864,8,108
865,1,109
866,2,109
867,3,109
868,4,109
869,5,109
870,6,109
871,7,109
872,8,109
873,1,110
874,2,110
875,3,110
876,4,110
877,5,110
878,6,110
879,7,110
880,8,110
881,1,111
882,2,111
883,3,111
884,4,111
885,5,111
886,6,111
887,7,111
888,8,111
889,1,112
890,2,112
891,3,112
892,4,112
893,5,112
894,6,112
895,7,112
896,8,112
897,1,113
898,2,113
899,3,113
900,4,113
901,5,113
902,6,113
903,7,113
904,8,113
905,1,114
906,2,114
907,3,114
908,4,114
909,5,114
910,6,114
911,7,114
912,8,114
913,1,115
914,2,115
915,3,115
916,4,115
917,5,115
918,6,115
919,7,115
920,8,115
921,1,116
922,2,116
923,3,116
924,4,116
925,5,116
926,6,116
927,7,116
928,8,116
929,1,117
930,2,117
931,3,117
932,4,117
933,5,117
934,6,117
935,7,117
936,8,117
937,1,118
938,2,118
939,3,118
940,4,118
941,5,118
942,6,118
943,7,118
944,8,118
945,1,119
946,2,119
947,3,119
948,4,119
949,5,119
950,6,119
951,7,119
952,8,119
953,1,120
954,2,120
955,3,120
956,4,120
957,5,120
958,6,120
959,7,120
960,8,120
961,1,121
962,2,121
963,3,121
964,4,121
965,5,121
966,6,121
967,7,121
968,8,121
969,1,122
970,2,122
971,3,122
972,4,122
973,5,122
974,6,122
975,7,122
976,8,122
977,1,123
978,2,123
979,3,123
980,4,123
981,5,123
982,6,123
983,7,123
984,8,123
985,1,124
986,2,124
987,3,124
988,4,124
989,5,124
990,6,124
991,7,124
992,8,124
993,1,125
994,2,125
995,3,125
996,4,125
997,5,125
998,6,125
999,7,125
1000,8,125
1001,1,126
1002,2,126
1003,3,126
1004,4,126
1005,5,126
1006,6,126
1007,7,126
1008,8,126
1009,1,127
1010,2,127
1011,3,127
1012,4,127
1013,5,127
1014,6,127
1015,7,127
1016,8,127
1017,1,128
1018,2,128
1019,3,128
1020,4,128
1021,5,128
1022,6,128
1023,7,128
1024,8,128
1025,1,129
1026,2,129
1027,3,129
1028,4,129
1029,5,129
1030,6,129
1031,7,129
1032,8,129
1033,1,130
1034,2,130
1035,3,130
1036,4,130
1037,5,130
1038,6,130
1039,7,130
1040,8,130
1041,1,131
1042,2,131
1043,3,131
1044,4,131
1045,5,131
1046,6,131
1047,7,131
1048,8,131
1049,1,132
1050,2,132
1051,3,132
1052,4,132
1053,5,132
1054,6,132
1055,7,132
1056,8,132
1057,1,133
1058,2,133
1059,3,133
1060,4,133
1061,5,133
1062,6,133
1063,7,133
1064,8,133
1065,1,134
1066,2,134
1067,3,134
1068,4,134
1069,5,134
1070,6,134
1071,7,134
1072,8,134
1073,1,135
1074,2,135
1075,3,135
1076,4,135
1077,5,135
1078,6,135
1079,7,135
1080,8,135
1081,1,136
1082,2,136
1083,3,136
1084,4,136
1085,5,136
1086,6,136
1087,7,136
1088,8,136
1089,1,137
1090,2,137
1091,3,137
1092,4,137
1093,5,137
1094,6,137
1095,7,137
1096,8,137
1097,1,138
1098,2,138
1099,3,138
1100,4,138
1101,5,138
1102,6,138
1103,7,138
1104,8,138
1105,1,139
1106,2,139
1107,3,139
1108,4,139
1109,5,139
1110,6,139
1111,7,139
1112,8,139
1113,1,140
1114,2,140
1115,3,140
1116,4,140
1117,5,140
1118,6,140
1119,7,140
1120,8,140
1121,1,141
1122,2,141
1123,3,141
1124,4,141
1125,5,141
1126,6,141
1127,7,141
1128,8,141
1129,1,142
1130,2,142
1131,3,142
1132,4,142
1133,5,142
1134,6,142
1135,7,142
1136,8,142
1137,1,143
1138,2,143
1139,3,143
1140,4,143
1141,5,143
1142,6,143
1143,7,143
1144,8,143
1145,1,144
1146,2,144
1147,3,144
1148,4,144
1149,5,144
1150,6,144
1151,7,144
1152,8,144
1153,1,145
1154,2,145
1155,3,145
1156,4,145
1157,5,145
1158,6,145
1159,7,145
1160,8,145
1161,1,146
1162,2,146
1163,3,146
1164,4,146
1165,5,146
1166,6,146
1167,7,146
1168,8,146
1169,1,147
1170,2,147
1171,3,147
1172,4,147
1173,5,147
1174,6,147
1175,7,147
1176,8,147
1177,1,148
1178,2,148
1179,3,148
1180,4,148
1181,5,148
1182,6,148
1183,7,148
1184,8,148
1185,1,149
1186,2,149
1187,3,149
1188,4,149
1189,5,149
1190,6,149
1191,7,149
1192,8,149
1193,1,150
1194,2,150
1195,3,150
1196,4,150
1197,5,150
1198,6,150
1199,7,150
1200,8,150
1201,1,151
1202,2,151
1203,3,151
1204,4,151
1205,5,151
1206,6,151
1207,7,151
1208,8,151
1209,1,152
1210,2,152
1211,3,152
1212,4,152
1213,5,152
1214,6,152
1215,7,152
1216,8,152
1217,1,153
1218,2,153
1219,3,153
1220,4,153
1221,5,153
1222,6,153
1223,7,153
1224,8,153
1225,1,154
1226,2,154
1227,3,154
1228,4,154
1229,5,154
1230,6,154
1231,7,154
1232,8,154
1233,1,155
1234,2,155
1235,3,155
1236,4,155
1237,5,155
1238,6,155
1239,7,155
1240,8,155
1241,1,156
1242,2,156
1243,3,156
1244,4,156
1245,5,156
1246,6,156
1247,7,156
1248,8,156
1249,1,157
1250,2,157
1251,3,157
1252,4,157
1253,5,157
1254,6,157
1255,7,157
1256,8,157
1257,1,158
1258,2,158
1259,3,158
1260,4,158
1261,5,158
1262,6,158
1263,7,158
1264,8,158
1265,1,159
1266,2,159
1267,3,159
1268,4,159
1269,5,159
1270,6,159
1271,7,159
1272,8,159
1273,1,160
1274,2,160
1275,3,160
1276,4,160
1277,5,160
1278,6,160
1279,7,160
1280,8,160
1281,1,161
1282,2,161
1283,3,161
1284,4,161
1285,5,161
1286,6,161
1287,7,161
1288,8,161
1289,1,162
1290,2,162
1291,3,162
1292,4,162
1293,5,162
1294,6,162
1295,7,162
1296,8,162
1297,1,163
1298,2,163
1299,3,163
1300,4,163
1301,5,163
1302,6,163
1303,7,163
1304,8,163
1305,1,164
1306,2,164
1307,3,164
1308,4,164
1309,5,164
1310,6,164
1311,7,164
1312,8,164
1313,1,165
1314,2,165
1315,3,165
1316,4,165
1317,5,165
1318,6,165
1319,7,165
1320,8,165
1321,1,166
1322,2,166
1323,3,166
1324,4,166
1325,5,166
1326,6,166
1327,7,166
1328,8,166
1329,1,167
1330,2,167
1331,3,167
1332,4,167
1333,5,167
1334,6,167
1335,7,167
1336,8,167
1337,1,168
1338,2,168
1339,3,168
1340,4,168
1341,5,168
1342,6,168
1343,7,168
1344,8,168
1345,1,169
1346,2,169
1347,3,169
1348,4,169
1349,5,169
1350,6,169
1351,7,169
1352,8,169
1353,1,170
1354,2,170
1355,3,170
1356,4,170
1357,5,170
1358,6,170
1359,7,170
1360,8,170
1361,1,171
1362,2,171
1363,3,171
1364,4,171
1365,5,171
1366,6,171
1367,7,171
1368,8,171
1369,1,172
1370,2,172
1371,3,172
1372,4,172
1373,5,172
1374,6,172
1375,7,172
1376,8,172
1377,1,173
1378,2,173
1379,3,173
1380,4,173
1381,5,173
1382,6,173
1383,7,173
1384,8,173
1385,1,174
1386,2,174
1387,3,174
1388,4,174
1389,5,174
1390,6,174
1391,7,174
1392,8,174
1393,1,175
1394,2,175
1395,3,175
1396,4,175
1397,5,175
1398,6,175
1399,7,175
1400,8,175
1401,1,176
1402,2,176
1403,3,176
1404,4,176
1405,5,176
1406,6,176
1407,7,176
1408,8,176
1409,1,177
1410,2,177
1411,3,177
1412,4,177
1413,5,177
1414,6,177
1415,7,177
1416,8,177
1417,1,178
1418,2,178
1419,3,178
1420,4,178
1421,5,178
1422,6,178
1423,7,178
1424,8,178
1425,1,179
1426,2,179
1427,3,179
1428,4,179
1429,5,179
1430,6,179
1431,7,179
1432,8,179
1433,1,180
1434,2,180
1435,3,180
1436,4,180
1437,5,180
1438,6,180
1439,7,180
1440,8,180
1441,1,181
1442,2,181
1443,3,181
1444,4,181
1445,5,181
1446,6,181
1447,7,181
1448,8,181
1449,1,182
1450,2,182
1451,3,182
1452,4,182
1453,5,182
1454,6,182
1455,7,182
1456,8,182
1457,1,183
1458,2,183
1459,3,183
1460,4,183
1461,5,183
1462,6,183
1463,7,183
1464,8,183
1465,1,184
1466,2,184
1467,3,184
1468,4,184
1469,5,184
1470,6,184
1471,7,184
1472,8,184
1473,1,185
1474,2,185
1475,3,185
1476,4,185
1477,5,185
1478,6,185
1479,7,185
1480,8,185
1481,1,186
1482,2,186
1483,3,186
1484,4,186
1485,5,186
1486,6,186
1487,7,186
1488,8,186
1489,1,187
1490,2,187
1491,3,187
1492,4,187
1493,5,187
1494,6,187
1495,7,187
1496,8,187
1497,1,188
1498,2,188
1499,3,188
1500,4,188
1501,5,188
1502,6,188
1503,7,188
1504,8,188
1505,1,189
1506,2,189
1507,3,189
1508,4,189
1509,5,189
1510,6,189
1511,7,189
1512,8,189
1513,1,190
1514,2,190
1515,3,190
1516,4,190
1517,5,190
1518,6,190
1519,7,190
1520,8,190
1521,1,191
1522,2,191
1523,3,191
1524,4,191
1525,5,191
1526,6,191
1527,7,191
1528,8,191
1529,1,192
1530,2,192
1531,3,192
1532,4,192
1533,5,192
1534,6,192
1535,7,192
1536,8,192
1537,1,193
1538,2,193
1539,3,193
1540,4,193
1541,5,193
1542,6,193
1543,7,193
1544,8,193
1545,1,194
1546,2,194
1547,3,194
1548,4,194
1549,5,194
1550,6,194
1551,7,194
1552,8,194
1553,1,195
1554,2,195
1555,3,195
1556,4,195
1557,5,195
1558,6,195
1559,7,195
1560,8,195
1561,1,196
1562,2,196
1563,3,196
1564,4,196
1565,5,196
1566,6,196
1567,7,196
1568,8,196
1569,1,197
1570,2,197
1571,3,197
1572,4,197
1573,5,197
1574,6,197
1575,7,197
1576,8,197
1577,1,198
1578,2,198
1579,3,198
1580,4,198
1581,5,198
1582,6,198
1583,7,198
1584,8,198
1585,1,199
1586,2,199
1587,3,199
1588,4,199
1589,5,199
1590,6,199
1591,7,199
1592,8,199
1593,1,200
1594,2,200
1595,3,200
1596,4,200
1597,5,200
1598,6,200
1599,7,200
1600,8,200
1601,1,201
1602,2,201
1603,3,201
1604,4,201
1605,5,201
1606,6,201
1607,7,201
1608,8,201
1609,1,202
1610,2,202
1611,3,202
1612,4,202
1613,5,202
1614,6,202
1615,7,202
1616,8,202
1617,1,203
1618,2,203
1619,3,203
1620,4,203
1621,5,203
1622,6,203
1623,7,203
1624,8,203
1625,1,204
1626,2,204
1627,3,204
1628,4,204
1629,5,204
1630,6,204
1631,7,204
1632,8,204
1633,1,205
1634,2,205
1635,3,205
1636,4,205
1637,5,205
1638,6,205
1639,7,205
1640,8,205
1641,1,206
1642,2,206
1643,3,206
1644,4,206
1645,5,206
1646,6,206
1647,7,206
1648,8,206
1649,1,207
1650,2,207
1651,3,207
1652,4,207
1653,5,207
1654,6,207
1655,7,207
1656,8,207
1657,1,208
1658,2,208
1659,3,208
1660,4,208
1661,5,208
1662,6,208
1663,7,208
1664,8,208
1665,1,209
1666,2,209
1667,3,209
1668,4,209
1669,5,209
1670,6,209
1671,7,209
1672,8,209
1673,1,210
1674,2,210
1675,3,210
1676,4,210
1677,5,210
1678,6,210
1679,7,210
1680,8,210
1681,1,211
1682,2,211
1683,3,211
1684,4,211
1685,5,211
1686,6,211
1687,7,211
1688,8,211
1689,1,212
1690,2,212
1691,3,212
1692,4,212
1693,5,212
1694,6,212
1695,7,212
1696,8,212
1697,1,213
1698,2,213
1699,3,213
1700,4,213
1701,5,213
1702,6,213
1703,7,213
1704,8,213
1705,1,214
1706,2,214
1707,3,214
1708,4,214
1709,5,214
1710,6,214
1711,7,214
1712,8,214
1713,1,215
1714,2,215
1715,3,215
1716,4,215
1717,5,215
1718,6,215
1719,7,215
1720,8,215
1721,1,216
1722,2,216
1723,3,216
1724,4,216
1725,5,216
1726,6,216
1727,7,216
1728,8,216
1729,1,217
1730,2,217
1731,3,217
1732,4,217
1733,5,217
1734,6,217
1735,7,217
1736,8,217
1737,1,218
1738,2,218
1739,3,218
1740,4,218
1741,5,218
1742,6,218
1743,7,218
1744,8,218
1745,1,219
1746,2,219
1747,3,219
1748,4,219
1749,5,219
1750,6,219
1751,7,219
1752,8,219
1753,1,220
1754,2,220
1755,3,220
1756,4,220
1757,5,220
1758,6,220
1759,7,220
1760,8,220
1761,1,221
1762,2,221
1763,3,221
1764,4,221
1765,5,221
1766,6,221
1767,7,221
1768,8,221
1769,1,222
1770,2,222
1771,3,222
1772,4,222
1773,5,222
1774,6,222
1775,7,222
1776,8,222
1777,1,223
1778,2,223
1779,3,223
1780,4,223
1781,5,223
1782,6,223
1783,7,223
1784,8,223
1785,1,224
1786,2,224
1787,3,224
1788,4,224
1789,5,224
1790,6,224
1791,7,224
1792,8,224
1793,1,225
1794,2,225
1795,3,225
1796,4,225
1797,5,225
1798,6,225
1799,7,225
1800,8,225
1801,1,226
1802,2,226
1803,3,226
1804,4,226
1805,5,226
1806,6,226
1807,7,226
1808,8,226
1809,1,227
1810,2,227
1811,3,227
1812,4,227
1813,5,227
1814,6,227
1815,7,227
1816,8,227
1817,1,228
1818,2,228
1819,3,228
1820,4,228
1821,5,228
1822,6,228
1823,7,228
1824,8,228
1825,1,229
1826,2,229
1827,3,229
1828,4,229
1829,5,229
1830,6,229
1831,7,229
1832,8,229
1833,1,230
1834,2,230
1835,3,230
1836,4,230
1837,5,230
1838,6,230
1839,7,230
1840,8,230
1841,1,231
1842,2,231
1843,3,231
1844,4,231
1845,5,231
1846,6,231
1847,7,231
1848,8,231
1849,1,232
1850,2,232
1851,3,232
1852,4,232
1853,5,232
1854,6,232
1855,7,232
1856,8,232
1857,1,233
1858,2,233
1859,3,233
1860,4,233
1861,5,233
1862,6,233
1863,7,233
1864,8,233
1865,1,234
1866,2,234
1867,3,234
1868,4,234
1869,5,234
1870,6,234
1871,7,234
1872,8,234
1873,1,235
1874,2,235
1875,3,235
1876,4,235
1877,5,235
1878,6,235
1879,7,235
1880,8,235
1881,1,236
1882,2,236
1883,3,236
1884,4,236
1885,5,236
1886,6,236
1887,7,236
1888,8,236
1889,1,237
1890,2,237
1891,3,237
1892,4,237
1893,5,237
1894,6,237
1895,7,237
1896,8,237
1897,1,238
1898,2,238
1899,3,238
1900,4,238
1901,5,238
1902,6,238
1903,7,238
1904,8,238
1905,1,239
1906,2,239
1907,3,239
1908,4,239
1909,5,239
1910,6,239
1911,7,239
1912,8,239
1913,1,240
1914,2,240
1915,3,240
1916,4,240
1917,5,240
1918,6,240
1919,7,240
1920,8,240
1921,1,241
1922,2,241
1923,3,241
1924,4,241
1925,5,241
1926,6,241
1927,7,241
1928,8,241
1929,1,242
1930,2,242
1931,3,242
1932,4,242
1933,5,242
1934,6,242
1935,7,242
1936,8,242
1937,1,243
1938,2,243
1939,3,243
1940,4,243
1941,5,243
1942,6,243
1943,7,243
1944,8,243
1945,1,244
1946,2,244
1947,3,244
1948,4,244
1949,5,244
1950,6,244
1951,7,244
1952,8,244
1953,1,245
1954,2,245
1955,3,245
1956,4,245
1957,5,245
1958,6,245
1959,7,245
1960,8,245
1961,1,246
1962,2,246
1963,3,246
1964,4,246
1965,5,246
1966,6,246
1967,7,246
1968,8,246
1969,1,247
1970,2,247
1971,3,247
1972,4,247
1973,5,247
1974,6,247
1975,7,247
1976,8,247
1977,1,248
1978,2,248
1979,3,248
1980,4,248
1981,5,248
1982,6,248
1983,7,248
1984,8,248
1985,1,249
1986,2,249
1987,3,249
1988,4,249
1989,5,249
1990,6,249
1991,7,249
1992,8,249
1993,1,250
1994,2,250
1995,3,250
1996,4,250
1997,5,250
1998,6,250
1999,7,250
2000,8,250
2001,1,251
2002,2,251
2003,3,251
2004,4,251
2005,5,251
2006,6,251
2007,7,251
2008,8,251
2009,1,252
2010,2,252
2011,3,252
2012,4,252
2013,5,252
2014,6,252
2015,7,252
2016,8,252
2017,1,253
2018,2,253
2019,3,253
2020,4,253
2021,5,253
2022,6,253
2023,7,253
2024,8,253
2025,1,254
2026,2,254
2027,3,254
2028,4,254
2029,5,254
2030,6,254
2031,7,254
2032,8,254
2033,1,255
2034,2,255
2035,3,255
2036,4,255
2037,5,255
2038,6,255
2039,7,255
2040,8,255
2041,1,256
2042,2,256
2043,3,256
2044,4,256
2045,5,256
2046,6,256
2047,7,256
2048,8,256
2049,1,257
2050,2,257
2051,3,257
2052,4,257
2053,5,257
2054,6,257
2055,7,257
2056,8,257
2057,1,258
2058,2,258
2059,3,258
2060,4,258
2061,5,258
2062,6,258
2063,7,258
2064,8,258
2065,1,259
2066,2,259
2067,3,259
2068,4,259
2069,5,259
2070,6,259
2071,7,259
2072,8,259
2073,1,260
2074,2,260
2075,3,260
2076,4,260
2077,5,260
2078,6,260
2079,7,260
2080,8,260
2081,1,261
2082,2,261
2083,3,261
2084,4,261
2085,5,261
2086,6,261
2087,7,261
2088,8,261
2089,1,262
2090,2,262
2091,3,262
2092,4,262
2093,5,262
2094,6,262
2095,7,262
2096,8,262
2097,1,263
2098,2,263
2099,3,263
2100,4,263
2101,5,263
2102,6,263
2103,7,263
2104,8,263
2105,1,264
2106,2,264
2107,3,264
2108,4,264
2109,5,264
2110,6,264
2111,7,264
2112,8,264
2113,1,265
2114,2,265
2115,3,265
2116,4,265
2117,5,265
2118,6,265
2119,7,265
2120,8,265
2121,1,266
2122,2,266
2123,3,266
2124,4,266
2125,5,266
2126,6,266
2127,7,266
2128,8,266
2129,1,267
2130,2,267
2131,3,267
2132,4,267
2133,5,267
2134,6,267
2135,7,267
2136,8,267
2137,1,268
2138,2,268
2139,3,268
2140,4,268
2141,5,268
2142,6,268
2143,7,268
2144,8,268
2145,1,269
2146,2,269
2147,3,269
2148,4,269
2149,5,269
2150,6,269
2151,7,269
2152,8,269
2153,1,270
2154,2,270
2155,3,270
2156,4,270
2157,5,270
2158,6,270
2159,7,270
2160,8,270
2161,1,271
2162,2,271
2163,3,271
2164,4,271
2165,5,271
2166,6,271
2167,7,271
2168,8,271
2169,1,272
2170,2,272
2171,3,272
2172,4,272
2173,5,272
2174,6,272
2175,7,272
2176,8,272
2177,1,273
2178,2,273
2179,3,273
2180,4,273
2181,5,273
2182,6,273
2183,7,273
2184,8,273
2185,1,274
2186,2,274
2187,3,274
2188,4,274
2189,5,274
2190,6,274
2191,7,274
2192,8,274
2193,1,275
2194,2,275
2195,3,275
2196,4,275
2197,5,275
2198,6,275
2199,7,275
2200,8,275
2201,1,276
2202,2,276
2203,3,276
2204,4,276
2205,5,276
2206,6,276
2207,7,276
2208,8,276
2209,1,277
2210,2,277
2211,3,277
2212,4,277
2213,5,277
2214,6,277
2215,7,277
2216,8,277
2217,1,278
2218,2,278
2219,3,278
2220,4,278
2221,5,278
2222,6,278
2223,7,278
2224,8,278
2225,1,279
2226,2,279
2227,3,279
2228,4,279
2229,5,279
2230,6,279
2231,7,279
2232,8,279
2233,1,280
2234,2,280
2235,3,280
2236,4,280
2237,5,280
2238,6,280
2239,7,280
2240,8,280
2241,1,281
2242,2,281
2243,3,281
2244,4,281
2245,5,281
2246,6,281
2247,7,281
2248,8,281
2249,1,282
2250,2,282
2251,3,282
2252,4,282
2253,5,282
2254,6,282
2255,7,282
2256,8,282
2257,1,283
2258,2,283
2259,3,283
2260,4,283
2261,5,283
2262,6,283
2263,7,283
2264,8,283
2265,1,284
2266,2,284
2267,3,284
2268,4,284
2269,5,284
2270,6,284
2271,7,284
2272,8,284
2273,1,285
2274,2,285
2275,3,285
2276,4,285
2277,5,285
2278,6,285
2279,7,285
2280,8,285
2281,1,286
2282,2,286
2283,3,286
2284,4,286
2285,5,286
2286,6,286
2287,7,286
2288,8,286
2289,1,287
2290,2,287
2291,3,287
2292,4,287
2293,5,287
2294,6,287
2295,7,287
2296,8,287
2297,1,288
2298,2,288
2299,3,288
2300,4,288
2301,5,288
2302,6,288
2303,7,288
2304,8,288
2305,1,289
2306,2,289
2307,3,289
2308,4,289
2309,5,289
2310,6,289
2311,7,289
2312,8,289
2313,1,290
2314,2,290
2315,3,290
2316,4,290
2317,5,290
2318,6,290
2319,7,290
2320,8,290
2321,1,291
2322,2,291
2323,3,291
2324,4,291
2325,5,291
2326,6,291
2327,7,291
2328,8,291
2329,1,292
2330,2,292
2331,3,292
2332,4,292
2333,5,292
2334,6,292
2335,7,292
2336,8,292
2337,1,293
2338,2,293
2339,3,293
2340,4,293
2341,5,293
2342,6,293
2343,7,293
2344,8,293
2345,1,294
2346,2,294
2347,3,294
2348,4,294
2349,5,294
2350,6,294
2351,7,294
2352,8,294
2353,1,295
2354,2,295
2355,3,295
2356,4,295
2357,5,295
2358,6,295
2359,7,295
2360,8,295
2361,1,296
2362,2,296
2363,3,296
2364,4,296
2365,5,296
2366,6,296
2367,7,296
2368,8,296
2369,1,297
2370,2,297
2371,3,297
2372,4,297
2373,5,297
2374,6,297
2375,7,297
2376,8,297
2377,1,298
2378,2,298
2379,3,298
2380,4,298
2381,5,298
2382,6,298
2383,7,298
2384,8,298
2385,1,299
2386,2,299
2387,3,299
2388,4,299
2389,5,299
2390,6,299
2391,7,299
2392,8,299
2393,1,300
2394,2,300
2395,3,300
2396,4,300
2397,5,300
2398,6,300
2399,7,300
2400,8,300
2401,1,301
2402,2,301
2403,3,301
2404,4,301
2405,5,301
2406,6,301
2407,7,301
2408,8,301
2409,1,302
2410,2,302
2411,3,302
2412,4,302
2413,5,302
2414,6,302
2415,7,302
2416,8,302
2417,1,303
2418,2,303
2419,3,303
2420,4,303
2421,5,303
2422,6,303
2423,7,303
2424,8,303
2425,1,304
2426,2,304
2427,3,304
2428,4,304
2429,5,304
2430,6,304
2431,7,304
2432,8,304
2433,1,305
2434,2,305
2435,3,305
2436,4,305
2437,5,305
2438,6,305
2439,7,305
2440,8,305
2441,1,306
2442,2,306
2443,3,306
2444,4,306
2445,5,306
2446,6,306
2447,7,306
2448,8,306
2449,1,307
2450,2,307
2451,3,307
2452,4,307
2453,5,307
2454,6,307
2455,7,307
2456,8,307
2457,1,308
2458,2,308
2459,3,308
2460,4,308
2461,5,308
2462,6,308
2463,7,308
2464,8,308
2465,1,309
2466,2,309
2467,3,309
2468,4,309
2469,5,309
2470,6,309
2471,7,309
2472,8,309
2473,1,310
2474,2,310
2475,3,310
2476,4,310
2477,5,310
2478,6,310
2479,7,310
2480,8,310
2481,1,311
2482,2,311
2483,3,311
2484,4,311
2485,5,311
2486,6,311
2487,7,311
2488,8,311
2489,1,312
2490,2,312
2491,3,312
2492,4,312
2493,5,312
2494,6,312
2495,7,312
2496,8,312
2497,1,313
2498,2,313
2499,3,313
2500,4,313
2501,5,313
2502,6,313
2503,7,313
2504,8,313
2505,1,314
2506,2,314
2507,3,314
2508,4,314
2509,5,314
2510,6,314
2511,7,314
2512,8,314
2513,1,315
2514,2,315
2515,3,315
2516,4,315
2517,5,315
2518,6,315
2519,7,315
2520,8,315
2521,1,316
2522,2,316
2523,3,316
2524,4,316
2525,5,316
2526,6,316
2527,7,316
2528,8,316
2529,1,317
2530,2,317
2531,3,317
2532,4,317
2533,5,317
2534,6,317
2535,7,317
2536,8,317
2537,1,318
2538,2,318
2539,3,318
2540,4,318
2541,5,318
2542,6,318
2543,7,318
2544,8,318
2545,1,319
2546,2,319
2547,3,319
2548,4,319
2549,5,319
2550,6,319
2551,7,319
2552,8,319
2553,1,320
2554,2,320
2555,3,320
2556,4,320
2557,5,320
2558,6,320
2559,7,320
2560,8,320
2561,1,321
2562,2,321
2563,3,321
2564,4,321
2565,5,321
2566,6,321
2567,7,321
2568,8,321
2569,1,322
2570,2,322
2571,3,322
2572,4,322
2573,5,322
2574,6,322
2575,7,322
2576,8,322
2577,1,323
2578,2,323
2579,3,323
2580,4,323
2581,5,323
2582,6,323
2583,7,323
2584,8,323
2585,1,324
2586,2,324
2587,3,324
2588,4,324
2589,5,324
2590,6,324
2591,7,324
2592,8,324
2593,1,325
2594,2,325
2595,3,325
2596,4,325
2597,5,325
2598,6,325
2599,7,325
2600,8,325
2601,1,326
2602,2,326
2603,3,326
2604,4,326
2605,5,326
2606,6,326
2607,7,326
2608,8,326
2609,1,327
2610,2,327
2611,3,327
2612,4,327
2613,5,327
2614,6,327
2615,7,327
2616,8,327
2617,1,328
2618,2,328
2619,3,328
2620,4,328
2621,5,328
2622,6,328
2623,7,328
2624,8,328
2625,1,329
2626,2,329
2627,3,329
2628,4,329
2629,5,329
2630,6,329
2631,7,329
2632,8,329
2633,1,330
2634,2,330
2635,3,330
2636,4,330
2637,5,330
2638,6,330
2639,7,330
2640,8,330
2641,1,331
2642,2,331
2643,3,331
2644,4,331
2645,5,331
2646,6,331
2647,7,331
2648,8,331
2649,1,332
2650,2,332
2651,3,332
2652,4,332
2653,5,332
2654,6,332
2655,7,332
2656,8,332
2657,1,333
2658,2,333
2659,3,333
2660,4,333
2661,5,333
2662,6,333
2663,7,333
2664,8,333
2665,1,334
2666,2,334
2667,3,334
2668,4,334
2669,5,334
2670,6,334
2671,7,334
2672,8,334
2673,1,335
2674,2,335
2675,3,335
2676,4,335
2677,5,335
2678,6,335
2679,7,335
2680,8,335
2681,1,336
2682,2,336
2683,3,336
2684,4,336
2685,5,336
2686,6,336
2687,7,336
2688,8,336
2689,1,337
2690,2,337
2691,3,337
2692,4,337
2693,5,337
2694,6,337
2695,7,337
2696,8,337
2697,1,338
2698,2,338
2699,3,338
2700,4,338
2701,5,338
2702,6,338
2703,7,338
2704,8,338
2705,1,339
2706,2,339
2707,3,339
2708,4,339
2709,5,339
2710,6,339
2711,7,339
2712,8,339
2713,1,340
2714,2,340
2715,3,340
2716,4,340
2717,5,340
2718,6,340
2719,7,340
2720,8,340
2721,1,341
2722,2,341
2723,3,341
2724,4,341
2725,5,341
2726,6,341
2727,7,341
2728,8,341
2729,1,342
2730,2,342
2731,3,342
2732,4,342
2733,5,342
2734,6,342
2735,7,342
2736,8,342
2737,1,343
2738,2,343
2739,3,343
2740,4,343
2741,5,343
2742,6,343
2743,7,343
2744,8,343
2745,1,344
2746,2,344
2747,3,344
2748,4,344
2749,5,344
2750,6,344
2751,7,344
2752,8,344
2753,1,345
2754,2,345
2755,3,345
2756,4,345
2757,5,345
2758,6,345
2759,7,345
2760,8,345
2761,1,346
2762,2,346
2763,3,346
2764,4,346
2765,5,346
2766,6,346
2767,7,346
2768,8,346
2769,1,347
2770,2,347
2771,3,347
2772,4,347
2773,5,347
2774,6,347
2775,7,347
2776,8,347
2777,1,348
2778,2,348
2779,3,348
2780,4,348
2781,5,348
2782,6,348
2783,7,348
2784,8,348
2785,1,349
2786,2,349
2787,3,349
2788,4,349
2789,5,349
2790,6,349
2791,7,349
2792,8,349
2793,1,350
2794,2,350
2795,3,350
2796,4,350
2797,5,350
2798,6,350
2799,7,350
2800,8,350
2801,1,351
2802,2,351
2803,3,351
2804,4,351
2805,5,351
2806,6,351
2807,7,351
2808,8,351
2809,1,352
2810,2,352
2811,3,352
2812,4,352
2813,5,352
2814,6,352
2815,7,352
2816,8,352
2817,1,353
2818,2,353
2819,3,353
2820,4,353
2821,5,353
2822,6,353
2823,7,353
2824,8,353
2825,1,354
2826,2,354
2827,3,354
2828,4,354
2829,5,354
2830,6,354
2831,7,354
2832,8,354
2833,1,355
2834,2,355
2835,3,355
2836,4,355
2837,5,355
2838,6,355
2839,7,355
2840,8,355
2841,1,356
2842,2,356
2843,3,356
2844,4,356
2845,5,356
2846,6,356
2847,7,356
2848,8,356
2849,1,357
2850,2,357
2851,3,357
2852,4,357
2853,5,357
2854,6,357
2855,7,357
2856,8,357
2857,1,358
2858,2,358
2859,3,358
2860,4,358
2861,5,358
2862,6,358
2863,7,358
2864,8,358
2865,1,359
2866,2,359
2867,3,359
2868,4,359
2869,5,359
2870,6,359
2871,7,359
2872,8,359
2873,1,360
2874,2,360
2875,3,360
2876,4,360
2877,5,360
2878,6,360
2879,7,360
2880,8,360
2881,1,361
2882,2,361
2883,3,361
2884,4,361
2885,5,361
2886,6,361
2887,7,361
2888,8,361
2889,1,362
2890,2,362
2891,3,362
2892,4,362
2893,5,362
2894,6,362
2895,7,362
2896,8,362
2897,1,363
2898,2,363
2899,3,363
2900,4,363
2901,5,363
2902,6,363
2903,7,363
2904,8,363
2905,1,364
2906,2,364
2907,3,364
2908,4,364
2909,5,364
2910,6,364
2911,7,364
2912,8,364
2913,1,365
2914,2,365
2915,3,365
2916,4,365
2917,5,365
2918,6,365
2919,7,365
2920,8,365
2921,1,366
2922,2,366
2923,3,366
2924,4,366
2925,5,366
2926,6,366
2927,7,366
2928,8,366
2929,1,367
2930,2,367
2931,3,367
2932,4,367
2933,5,367
2934,6,367
2935,7,367
2936,8,367
2937,1,368
2938,2,368
2939,3,368
2940,4,368
2941,5,368
2942,6,368
2943,7,368
2944,8,368
2945,1,369
2946,2,369
2947,3,369
2948,4,369
2949,5,369
2950,6,369
2951,7,369
2952,8,369
2953,1,370
2954,2,370
2955,3,370
2956,4,370
2957,5,370
2958,6,370
2959,7,370
2960,8,370
2961,1,371
2962,2,371
2963,3,371
2964,4,371
2965,5,371
2966,6,371
2967,7,371
2968,8,371
2969,1,372
2970,2,372
2971,3,372
2972,4,372
2973,5,372
2974,6,372
2975,7,372
2976,8,372
2977,1,373
2978,2,373
2979,3,373
2980,4,373
2981,5,373
2982,6,373
2983,7,373
2984,8,373
2985,1,374
2986,2,374
2987,3,374
2988,4,374
2989,5,374
2990,6,374
2991,7,374
2992,8,374
2993,1,375
2994,2,375
2995,3,375
2996,4,375
2997,5,375
2998,6,375
2999,7,375
3000,8,375
3001,1,376
3002,2,376
3003,3,376
3004,4,376
3005,5,376
3006,6,376
3007,7,376
3008,8,376
3009,1,377
3010,2,377
3011,3,377
3012,4,377
3013,5,377
3014,6,377
3015,7,377
3016,8,377
3017,1,378
3018,2,378
3019,3,378
3020,4,378
3021,5,378
3022,6,378
3023,7,378
3024,8,378
3025,1,379
3026,2,379
3027,3,379
3028,4,379
3029,5,379
3030,6,379
3031,7,379
3032,8,379
3033,1,380
3034,2,380
3035,3,380
3036,4,380
3037,5,380
3038,6,380
3039,7,380
3040,8,380
3041,1,381
3042,2,381
3043,3,381
3044,4,381
3045,5,381
3046,6,381
3047,7,381
3048,8,381
3049,1,382
3050,2,382
3051,3,382
3052,4,382
3053,5,382
3054,6,382
3055,7,382
3056,8,382
3057,1,383
3058,2,383
3059,3,383
3060,4,383
3061,5,383
3062,6,383
3063,7,383
3064,8,383
3065,1,384
3066,2,384
3067,3,384
3068,4,384
3069,5,384
3070,6,384
3071,7,384
3072,8,384
3073,1,385
3074,2,385
3075,3,385
3076,4,385
3077,5,385
3078,6,385
3079,7,385
3080,8,385
3081,1,386
3082,2,386
3083,3,386
3084,4,386
3085,5,386
3086,6,386
3087,7,386
3088,8,386
3089,1,387
3090,2,387
3091,3,387
3092,4,387
3093,5,387
3094,6,387
3095,7,387
3096,8,387
3097,1,388
3098,2,388
3099,3,388
3100,4,388
3101,5,388
3102,6,388
3103,7,388
3104,8,388
3105,1,389
3106,2,389
3107,3,389
3108,4,389
3109,5,389
3110,6,389
3111,7,389
3112,8,389
3113,1,390
3114,2,390
3115,3,390
3116,4,390
3117,5,390
3118,6,390
3119,7,390
3120,8,390
3121,1,391
3122,2,391
3123,3,391
3124,4,391
3125,5,391
3126,6,391
3127,7,391
3128,8,391
3129,1,392
3130,2,392
3131,3,392
3132,4,392
3133,5,392
3134,6,392
3135,7,392
3136,8,392
3137,1,393
3138,2,393
3139,3,393
3140,4,393
3141,5,393
3142,6,393
3143,7,393
3144,8,393
3145,1,394
3146,2,394
3147,3,394
3148,4,394
3149,5,394
3150,6,394
3151,7,394
3152,8,394
3153,1,395
3154,2,395
3155,3,395
3156,4,395
3157,5,395
3158,6,395
3159,7,395
3160,8,395
3161,1,396
3162,2,396
3163,3,396
3164,4,396
3165,5,396
3166,6,396
3167,7,396
3168,8,396
3169,1,397
3170,2,397
3171,3,397
3172,4,397
3173,5,397
3174,6,397
3175,7,397
3176,8,397
3177,1,398
3178,2,398
3179,3,398
3180,4,398
3181,5,398
3182,6,398
3183,7,398
3184,8,398
3185,1,399
3186,2,399
3187,3,399
3188,4,399
3189,5,399
3190,6,399
3191,7,399
3192,8,399
3193,1,400
3194,2,400
3195,3,400
3196,4,400
3197,5,400
3198,6,400
3199,7,400
3200,8,400
3201,1,401
3202,2,401
3203,3,401
3204,4,401
3205,5,401
3206,6,401
3207,7,401
3208,8,401
3209,1,402
3210,2,402
3211,3,402
3212,4,402
3213,5,402
3214,6,402
3215,7,402
3216,8,402
3217,1,403
3218,2,403
3219,3,403
3220,4,403
3221,5,403
3222,6,403
3223,7,403
3224,8,403
3225,1,404
3226,2,404
3227,3,404
3228,4,404
3229,5,404
3230,6,404
3231,7,404
3232,8,404
3233,1,405
3234,2,405
3235,3,405
3236,4,405
3237,5,405
3238,6,405
3239,7,405
3240,8,405
3241,1,406
3242,2,406
3243,3,406
3244,4,406
3245,5,406
3246,6,406
3247,7,406
3248,8,406
3249,1,407
3250,2,407
3251,3,407
3252,4,407
3253,5,407
3254,6,407
3255,7,407
3256,8,407
3257,1,408
3258,2,408
3259,3,408
3260,4,408
3261,5,408
3262,6,408
3263,7,408
3264,8,408
3265,1,409
3266,2,409
3267,3,409
3268,4,409
3269,5,409
3270,6,409
3271,7,409
3272,8,409
3273,1,410
3274,2,410
3275,3,410
3276,4,410
3277,5,410
3278,6,410
3279,7,410
3280,8,410
3281,1,411
3282,2,411
3283,3,411
3284,4,411
3285,5,411
3286,6,411
3287,7,411
3288,8,411
3289,1,412
3290,2,412
3291,3,412
3292,4,412
3293,5,412
3294,6,412
3295,7,412
3296,8,412
3297,1,413
3298,2,413
3299,3,413
3300,4,413
3301,5,413
3302,6,413
3303,7,413
3304,8,413
3305,1,414
3306,2,414
3307,3,414
3308,4,414
3309,5,414
3310,6,414
3311,7,414
3312,8,414
3313,1,415
3314,2,415
3315,3,415
3316,4,415
3317,5,415
3318,6,415
3319,7,415
3320,8,415
3321,1,416
3322,2,416
3323,3,416
3324,4,416
3325,5,416
3326,6,416
3327,7,416
3328,8,416
3329,1,417
3330,2,417
3331,3,417
3332,4,417
3333,5,417
3334,6,417
3335,7,417
3336,8,417
3337,1,418
3338,2,418
3339,3,418
3340,4,418
3341,5,418
3342,6,418
3343,7,418
3344,8,418
3345,1,419
3346,2,419
3347,3,419
3348,4,419
3349,5,419
3350,6,419
3351,7,419
3352,8,419
3353,1,420
3354,2,420
3355,3,420
3356,4,420
3357,5,420
3358,6,420
3359,7,420
3360,8,420
3361,1,421
3362,2,421
3363,3,421
3364,4,421
3365,5,421
3366,6,421
3367,7,421
3368,8,421
3369,1,422
3370,2,422
3371,3,422
3372,4,422
3373,5,422
3374,6,422
3375,7,422
3376,8,422
3377,1,423
3378,2,423
3379,3,423
3380,4,423
3381,5,423
3382,6,423
3383,7,423
3384,8,423
3385,1,424
3386,2,424
3387,3,424
3388,4,424
3389,5,424
3390,6,424
3391,7,424
3392,8,424
3393,1,425
3394,2,425
3395,3,425
3396,4,425
3397,5,425
3398,6,425
3399,7,425
3400,8,425
3401,1,426
3402,2,426
3403,3,426
3404,4,426
3405,5,426
3406,6,426
3407,7,426
3408,8,426
3409,1,427
3410,2,427
3411,3,427
3412,4,427
3413,5,427
3414,6,427
3415,7,427
3416,8,427
3417,1,428
3418,2,428
3419,3,428
3420,4,428
3421,5,428
3422,6,428
3423,7,428
3424,8,428
3425,1,429
3426,2,429
3427,3,429
3428,4,429
3429,5,429
3430,6,429
3431,7,429
3432,8,429
3433,1,430
3434,2,430
3435,3,430
3436,4,430
3437,5,430
3438,6,430
3439,7,430
3440,8,430
3441,1,431
3442,2,431
3443,3,431
3444,4,431
3445,5,431
3446,6,431
3447,7,431
3448,8,431
3449,1,432
3450,2,432
3451,3,432
3452,4,432
3453,5,432
3454,6,432
3455,7,432
3456,8,432
3457,1,433
3458,2,433
3459,3,433
3460,4,433
3461,5,433
3462,6,433
3463,7,433
3464,8,433
3465,1,434
3466,2,434
3467,3,434
3468,4,434
3469,5,434
3470,6,434
3471,7,434
3472,8,434
3473,1,435
3474,2,435
3475,3,435
3476,4,435
3477,5,435
3478,6,435
3479,7,435
3480,8,435
3481,1,436
3482,2,436
3483,3,436
3484,4,436
3485,5,436
3486,6,436
3487,7,436
3488,8,436
3489,1,437
3490,2,437
3491,3,437
3492,4,437
3493,5,437
3494,6,437
3495,7,437
3496,8,437
3497,1,438
3498,2,438
3499,3,438
3500,4,438
3501,5,438
3502,6,438
3503,7,438
3504,8,438
3505,1,439
3506,2,439
3507,3,439
3508,4,439
3509,5,439
3510,6,439
3511,7,439
3512,8,439
3513,1,440
3514,2,440
3515,3,440
3516,4,440
3517,5,440
3518,6,440
3519,7,440
3520,8,440
3521,1,441
3522,2,441
3523,3,441
3524,4,441
3525,5,441
3526,6,441
3527,7,441
3528,8,441
3529,1,442
3530,2,442
3531,3,442
3532,4,442
3533,5,442
3534,6,442
3535,7,442
3536,8,442
3537,1,443
3538,2,443
3539,3,443
3540,4,443
3541,5,443
3542,6,443
3543,7,443
3544,8,443
3545,1,444
3546,2,444
3547,3,444
3548,4,444
3549,5,444
3550,6,444
3551,7,444
3552,8,444
3553,1,445
3554,2,445
3555,3,445
3556,4,445
3557,5,445
3558,6,445
3559,7,445
3560,8,445
3561,1,446
3562,2,446
3563,3,446
3564,4,446
3565,5,446
3566,6,446
3567,7,446
3568,8,446
3569,1,447
3570,2,447
3571,3,447
3572,4,447
3573,5,447
3574,6,447
3575,7,447
3576,8,447
3577,1,448
3578,2,448
3579,3,448
3580,4,448
3581,5,448
3582,6,448
3583,7,448
3584,8,448
3585,1,449
3586,2,449
3587,3,449
3588,4,449
3589,5,449
3590,6,449
3591,7,449
3592,8,449
3593,1,450
3594,2,450
3595,3,450
3596,4,450
3597,5,450
3598,6,450
3599,7,450
3600,8,450
3601,1,451
3602,2,451
3603,3,451
3604,4,451
3605,5,451
3606,6,451
3607,7,451
3608,8,451
3609,1,452
3610,2,452
3611,3,452
3612,4,452
3613,5,452
3614,6,452
3615,7,452
3616,8,452
3617,1,453
3618,2,453
3619,3,453
3620,4,453
3621,5,453
3622,6,453
3623,7,453
3624,8,453
3625,1,454
3626,2,454
3627,3,454
3628,4,454
3629,5,454
3630,6,454
3631,7,454
3632,8,454
3633,1,455
3634,2,455
3635,3,455
3636,4,455
3637,5,455
3638,6,455
3639,7,455
3640,8,455
3641,1,456
3642,2,456
3643,3,456
3644,4,456
3645,5,456
3646,6,456
3647,7,456
3648,8,456
3649,1,457
3650,2,457
3651,3,457
3652,4,457
3653,5,457
3654,6,457
3655,7,457
3656,8,457
3657,1,458
3658,2,458
3659,3,458
3660,4,458
3661,5,458
3662,6,458
3663,7,458
3664,8,458
3665,1,459
3666,2,459
3667,3,459
3668,4,459
3669,5,459
3670,6,459
3671,7,459
3672,8,459
3673,1,460
3674,2,460
3675,3,460
3676,4,460
3677,5,460
3678,6,460
3679,7,460
3680,8,460
3681,1,461
3682,2,461
3683,3,461
3684,4,461
3685,5,461
3686,6,461
3687,7,461
3688,8,461
3689,1,462
3690,2,462
3691,3,462
3692,4,462
3693,5,462
3694,6,462
3695,7,462
3696,8,462
3697,1,463
3698,2,463
3699,3,463
3700,4,463
3701,5,463
3702,6,463
3703,7,463
3704,8,463
3705,1,464
3706,2,464
3707,3,464
3708,4,464
3709,5,464
3710,6,464
3711,7,464
3712,8,464
3713,1,465
3714,2,465
3715,3,465
3716,4,465
3717,5,465
3718,6,465
3719,7,465
3720,8,465
3721,1,466
3722,2,466
3723,3,466
3724,4,466
3725,5,466
3726,6,466
3727,7,466
3728,8,466
3729,1,467
3730,2,467
3731,3,467
3732,4,467
3733,5,467
3734,6,467
3735,7,467
3736,8,467
3737,1,468
3738,2,468
3739,3,468
3740,4,468
3741,5,468
3742,6,468
3743,7,468
3744,8,468
3745,1,469
3746,2,469
3747,3,469
3748,4,469
3749,5,469
3750,6,469
3751,7,469
3752,8,469
3753,1,470
3754,2,470
3755,3,470
3756,4,470
3757,5,470
3758,6,470
3759,7,470
3760,8,470
3761,1,471
3762,2,471
3763,3,471
3764,4,471
3765,5,471
3766,6,471
3767,7,471
3768,8,471
3769,1,472
3770,2,472
3771,3,472
3772,4,472
3773,5,472
3774,6,472
3775,7,472
3776,8,472
3777,1,473
3778,2,473
3779,3,473
3780,4,473
3781,5,473
3782,6,473
3783,7,473
3784,8,473
3785,1,474
3786,2,474
3787,3,474
3788,4,474
3789,5,474
3790,6,474
3791,7,474
3792,8,474
3793,1,475
3794,2,475
3795,3,475
3796,4,475
3797,5,475
3798,6,475
3799,7,475
3800,8,475
3801,1,476
3802,2,476
3803,3,476
3804,4,476
3805,5,476
3806,6,476
3807,7,476
3808,8,476
3809,1,477
3810,2,477
3811,3,477
3812,4,477
3813,5,477
3814,6,477
3815,7,477
3816,8,477
3817,1,478
3818,2,478
3819,3,478
3820,4,478
3821,5,478
3822,6,478
3823,7,478
3824,8,478
3825,1,479
3826,2,479
3827,3,479
3828,4,479
3829,5,479
3830,6,479
3831,7,479
3832,8,479
3833,1,480
3834,2,480
3835,3,480
3836,4,480
3837,5,480
3838,6,480
3839,7,480
3840,8,480
3841,1,481
3842,2,481
3843,3,481
3844,4,481
3845,5,481
3846,6,481
3847,7,481
3848,8,481
3849,1,482
3850,2,482
3851,3,482
3852,4,482
3853,5,482
3854,6,482
3855,7,482
3856,8,482
3857,1,483
3858,2,483
3859,3,483
3860,4,483
3861,5,483
3862,6,483
3863,7,483
3864,8,483
3865,1,484
3866,2,484
3867,3,484
3868,4,484
3869,5,484
3870,6,484
3871,7,484
3872,8,484
3873,1,485
3874,2,485
3875,3,485
3876,4,485
3877,5,485
3878,6,485
3879,7,485
3880,8,485
3881,1,486
3882,2,486
3883,3,486
3884,4,486
3885,5,486
3886,6,486
3887,7,486
3888,8,486
3889,1,487
3890,2,487
3891,3,487
3892,4,487
3893,5,487
3894,6,487
3895,7,487
3896,8,487
3897,1,488
3898,2,488
3899,3,488
3900,4,488
3901,5,488
3902,6,488
3903,7,488
3904,8,488
3905,1,489
3906,2,489
3907,3,489
3908,4,489
3909,5,489
3910,6,489
3911,7,489
3912,8,489
3913,1,490
3914,2,490
3915,3,490
3916,4,490
3917,5,490
3918,6,490
3919,7,490
3920,8,490
3921,1,491
3922,2,491
3923,3,491
3924,4,491
3925,5,491
3926,6,491
3927,7,491
3928,8,491
3929,1,492
3930,2,492
3931,3,492
3932,4,492
3933,5,492
3934,6,492
3935,7,492
3936,8,492
3937,1,493
3938,2,493
3939,3,493
3940,4,493
3941,5,493
3942,6,493
3943,7,493
3944,8,493
3945,1,494
3946,2,494
3947,3,494
3948,4,494
3949,5,494
3950,6,494
3951,7,494
3952,8,494
3953,1,495
3954,2,495
3955,3,495
3956,4,495
3957,5,495
3958,6,495
3959,7,495
3960,8,495
3961,1,496
3962,2,496
3963,3,496
3964,4,496
3965,5,496
3966,6,496
3967,7,496
3968,8,496
3969,1,497
3970,2,497
3971,3,497
3972,4,497
3973,5,497
3974,6,497
3975,7,497
3976,8,497
3977,1,498
3978,2,498
3979,3,498
3980,4,498
3981,5,498
3982,6,498
3983,7,498
3984,8,498
3985,1,499
3986,2,499
3987,3,499
3988,4,499
3989,5,499
3990,6,499
3991,7,499
3992,8,499
3993,1,500
3994,2,500
3995,3,500
3996,4,500
3997,5,500
3998,6,500
3999,7,500
4000,8,500
4001,1,501
4002,2,501
4003,3,501
4004,4,501
4005,5,501
4006,6,501
4007,7,501
4008,8,501
4009,1,502
4010,2,502
4011,3,502
4012,4,502
4013,5,502
4014,6,502
4015,7,502
4016,8,502
4017,1,503
4018,2,503
4019,3,503
4020,4,503
4021,5,503
4022,6,503
4023,7,503
4024,8,503
4025,1,504
4026,2,504
4027,3,504
4028,4,504
4029,5,504
4030,6,504
4031,7,504
4032,8,504
4033,1,505
4034,2,505
4035,3,505
4036,4,505
4037,5,505
4038,6,505
4039,7,505
4040,8,505
4041,1,506
4042,2,506
4043,3,506
4044,4,506
4045,5,506
4046,6,506
4047,7,506
4048,8,506
4049,1,507
4050,2,507
4051,3,507
4052,4,507
4053,5,507
4054,6,507
4055,7,507
4056,8,507
4057,1,508
4058,2,508
4059,3,508
4060,4,508
4061,5,508
4062,6,508
4063,7,508
4064,8,508
4065,1,509
4066,2,509
4067,3,509
4068,4,509
4069,5,509
4070,6,509
4071,7,509
4072,8,509
4073,1,510
4074,2,510
4075,3,510
4076,4,510
4077,5,510
4078,6,510
4079,7,510
4080,8,510
4081,1,511
4082,2,511
4083,3,511
4084,4,511
4085,5,511
4086,6,511
4087,7,511
4088,8,511
4089,1,512
4090,2,512
4091,3,512
4092,4,512
4093,5,512
4094,6,512
4095,7,512
4096,8,512
4097,1,513
4098,2,513
4099,3,513
4100,4,513
4101,5,513
4102,6,513
4103,7,513
4104,8,513
4105,1,514
4106,2,514
4107,3,514
4108,4,514
4109,5,514
4110,6,514
4111,7,514
4112,8,514
4113,1,515
4114,2,515
4115,3,515
4116,4,515
4117,5,515
4118,6,515
4119,7,515
4120,8,515
4121,1,516
4122,2,516
4123,3,516
4124,4,516
4125,5,516
4126,6,516
4127,7,516
4128,8,516
4129,1,517
4130,2,517
4131,3,517
4132,4,517
4133,5,517
4134,6,517
4135,7,517
4136,8,517
4137,1,518
4138,2,518
4139,3,518
4140,4,518
4141,5,518
4142,6,518
4143,7,518
4144,8,518
4145,1,519
4146,2,519
4147,3,519
4148,4,519
4149,5,519
4150,6,519
4151,7,519
4152,8,519
4153,1,520
4154,2,520
4155,3,520
4156,4,520
4157,5,520
4158,6,520
4159,7,520
4160,8,520
4161,1,521
4162,2,521
4163,3,521
4164,4,521
4165,5,521
4166,6,521
4167,7,521
4168,8,521
4169,1,522
4170,2,522
4171,3,522
4172,4,522
4173,5,522
4174,6,522
4175,7,522
4176,8,522
4177,1,523
4178,2,523
4179,3,523
4180,4,523
4181,5,523
4182,6,523
4183,7,523
4184,8,523
4185,1,524
4186,2,524
4187,3,524
4188,4,524
4189,5,524
4190,6,524
4191,7,524
4192,8,524
4193,1,525
4194,2,525
4195,3,525
4196,4,525
4197,5,525
4198,6,525
4199,7,525
4200,8,525
4201,1,526
4202,2,526
4203,3,526
4204,4,526
4205,5,526
4206,6,526
4207,7,526
4208,8,526
4209,1,527
4210,2,527
4211,3,527
4212,4,527
4213,5,527
4214,6,527
4215,7,527
4216,8,527
4217,1,528
4218,2,528
4219,3,528
4220,4,528
4221,5,528
4222,6,528
4223,7,528
4224,8,528
4225,1,529
4226,2,529
4227,3,529
4228,4,529
4229,5,529
4230,6,529
4231,7,529
4232,8,529
4233,1,530
4234,2,530
4235,3,530
4236,4,530
4237,5,530
4238,6,530
4239,7,530
4240,8,530
4241,1,531
4242,2,531
4243,3,531
4244,4,531
4245,5,531
4246,6,531
4247,7,531
4248,8,531
4249,1,532
4250,2,532
4251,3,532
4252,4,532
4253,5,532
4254,6,532
4255,7,532
4256,8,532
4257,1,533
4258,2,533
4259,3,533
4260,4,533
4261,5,533
4262,6,533
4263,7,533
4264,8,533
4265,1,534
4266,2,534
4267,3,534
4268,4,534
4269,5,534
4270,6,534
4271,7,534
4272,8,534
4273,1,535
4274,2,535
4275,3,535
4276,4,535
4277,5,535
4278,6,535
4279,7,535
4280,8,535
4281,1,536
4282,2,536
4283,3,536
4284,4,536
4285,5,536
4286,6,536
4287,7,536
4288,8,536
4289,1,537
4290,2,537
4291,3,537
4292,4,537
4293,5,537
4294,6,537
4295,7,537
4296,8,537
4297,1,538
4298,2,538
4299,3,538
4300,4,538
4301,5,538
4302,6,538
4303,7,538
4304,8,538
4305,1,539
4306,2,539
4307,3,539
4308,4,539
4309,5,539
4310,6,539
4311,7,539
4312,8,539
4313,1,540
4314,2,540
4315,3,540
4316,4,540
4317,5,540
4318,6,540
4319,7,540
4320,8,540
4321,1,541
4322,2,541
4323,3,541
4324,4,541
4325,5,541
4326,6,541
4327,7,541
4328,8,541
4329,1,542
4330,2,542
4331,3,542
4332,4,542
4333,5,542
4334,6,542
4335,7,542
4336,8,542
4337,1,543
4338,2,543
4339,3,543
4340,4,543
4341,5,543
4342,6,543
4343,7,543
4344,8,543
4345,1,544
4346,2,544
4347,3,544
4348,4,544
4349,5,544
4350,6,544
4351,7,544
4352,8,544
4353,1,545
4354,2,545
4355,3,545
4356,4,545
4357,5,545
4358,6,545
4359,7,545
4360,8,545
4361,1,546
4362,2,546
4363,3,546
4364,4,546
4365,5,546
4366,6,546
4367,7,546
4368,8,546
4369,1,547
4370,2,547
4371,3,547
4372,4,547
4373,5,547
4374,6,547
4375,7,547
4376,8,547
4377,1,548
4378,2,548
4379,3,548
4380,4,548
4381,5,548
4382,6,548
4383,7,548
4384,8,548
4385,1,549
4386,2,549
4387,3,549
4388,4,549
4389,5,549
4390,6,549
4391,7,549
4392,8,549
4393,1,550
4394,2,550
4395,3,550
4396,4,550
4397,5,550
4398,6,550
4399,7,550
4400,8,550
4401,1,551
4402,2,551
4403,3,551
4404,4,551
4405,5,551
4406,6,551
4407,7,551
4408,8,551
4409,1,552
4410,2,552
4411,3,552
4412,4,552
4413,5,552
4414,6,552
4415,7,552
4416,8,552
4417,1,553
4418,2,553
4419,3,553
4420,4,553
4421,5,553
4422,6,553
4423,7,553
4424,8,553
4425,1,554
4426,2,554
4427,3,554
4428,4,554
4429,5,554
4430,6,554
4431,7,554
4432,8,554
4433,1,555
4434,2,555
4435,3,555
4436,4,555
4437,5,555
4438,6,555
4439,7,555
4440,8,555
4441,1,556
4442,2,556
4443,3,556
4444,4,556
4445,5,556
4446,6,556
4447,7,556
4448,8,556
4449,1,557
4450,2,557
4451,3,557
4452,4,557
4453,5,557
4454,6,557
4455,7,557
4456,8,557
4457,1,558
4458,2,558
4459,3,558
4460,4,558
4461,5,558
4462,6,558
4463,7,558
4464,8,558
4465,1,559
4466,2,559
4467,3,559
4468,4,559
4469,5,559
4470,6,559
4471,7,559
4472,8,559
4473,1,560
4474,2,560
4475,3,560
4476,4,560
4477,5,560
4478,6,560
4479,7,560
4480,8,560
4481,1,561
4482,2,561
4483,3,561
4484,4,561
4485,5,561
4486,6,561
4487,7,561
4488,8,561
4489,1,562
4490,2,562
4491,3,562
4492,4,562
4493,5,562
4494,6,562
4495,7,562
4496,8,562
4497,1,563
4498,2,563
4499,3,563
4500,4,563
4501,5,563
4502,6,563
4503,7,563
4504,8,563
4505,1,564
4506,2,564
4507,3,564
4508,4,564
4509,5,564
4510,6,564
4511,7,564
4512,8,564
4513,1,565
4514,2,565
4515,3,565
4516,4,565
4517,5,565
4518,6,565
4519,7,565
4520,8,565
4521,1,566
4522,2,566
4523,3,566
4524,4,566
4525,5,566
4526,6,566
4527,7,566
4528,8,566
4529,1,567
4530,2,567
4531,3,567
4532,4,567
4533,5,567
4534,6,567
4535,7,567
4536,8,567
4537,1,568
4538,2,568
4539,3,568
4540,4,568
4541,5,568
4542,6,568
4543,7,568
4544,8,568
4545,1,569
4546,2,569
4547,3,569
4548,4,569
4549,5,569
4550,6,569
4551,7,569
4552,8,569
4553,1,570
4554,2,570
4555,3,570
4556,4,570
4557,5,570
4558,6,570
4559,7,570
4560,8,570
4561,1,571
4562,2,571
4563,3,571
4564,4,571
4565,5,571
4566,6,571
4567,7,571
4568,8,571
4569,1,572
4570,2,572
4571,3,572
4572,4,572
4573,5,572
4574,6,572
4575,7,572
4576,8,572
4577,1,573
4578,2,573
4579,3,573
4580,4,573
4581,5,573
4582,6,573
4583,7,573
4584,8,573
4585,1,574
4586,2,574
4587,3,574
4588,4,574
4589,5,574
4590,6,574
4591,7,574
4592,8,574
4593,1,575
4594,2,575
4595,3,575
4596,4,575
4597,5,575
4598,6,575
4599,7,575
4600,8,575
4601,1,576
4602,2,576
4603,3,576
4604,4,576
4605,5,576
4606,6,576
4607,7,576
4608,8,576
4609,1,577
4610,2,577
4611,3,577
4612,4,577
4613,5,577
4614,6,577
4615,7,577
4616,8,577
4617,1,578
4618,2,578
4619,3,578
4620,4,578
4621,5,578
4622,6,578
4623,7,578
4624,8,578
4625,1,579
4626,2,579
4627,3,579
4628,4,579
4629,5,579
4630,6,579
4631,7,579
4632,8,579
4633,1,580
4634,2,580
4635,3,580
4636,4,580
4637,5,580
4638,6,580
4639,7,580
4640,8,580
4641,1,581
4642,2,581
4643,3,581
4644,4,581
4645,5,581
4646,6,581
4647,7,581
4648,8,581
4649,1,582
4650,2,582
4651,3,582
4652,4,582
4653,5,582
4654,6,582
4655,7,582
4656,8,582
4657,1,583
4658,2,583
4659,3,583
4660,4,583
4661,5,583
4662,6,583
4663,7,583
4664,8,583
4665,1,584
4666,2,584
4667,3,584
4668,4,584
4669,5,584
4670,6,584
4671,7,584
4672,8,584
4673,1,585
4674,2,585
4675,3,585
4676,4,585
4677,5,585
4678,6,585
4679,7,585
4680,8,585
4681,1,586
4682,2,586
4683,3,586
4684,4,586
4685,5,586
4686,6,586
4687,7,586
4688,8,586
4689,1,587
4690,2,587
4691,3,587
4692,4,587
4693,5,587
4694,6,587
4695,7,587
4696,8,587
4697,1,588
4698,2,588
4699,3,588
4700,4,588
4701,5,588
4702,6,588
4703,7,588
4704,8,588
4705,1,589
4706,2,589
4707,3,589
4708,4,589
4709,5,589
4710,6,589
4711,7,589
4712,8,589
4713,1,590
4714,2,590
4715,3,590
4716,4,590
4717,5,590
4718,6,590
4719,7,590
4720,8,590
4721,1,591
4722,2,591
4723,3,591
4724,4,591
4725,5,591
4726,6,591
4727,7,591
4728,8,591
4729,1,592
4730,2,592
4731,3,592
4732,4,592
4733,5,592
4734,6,592
4735,7,592
4736,8,592
4737,1,593
4738,2,593
4739,3,593
4740,4,593
4741,5,593
4742,6,593
4743,7,593
4744,8,593
4745,1,594
4746,2,594
4747,3,594
4748,4,594
4749,5,594
4750,6,594
4751,7,594
4752,8,594
4753,1,595
4754,2,595
4755,3,595
4756,4,595
4757,5,595
4758,6,595
4759,7,595
4760,8,595
4761,1,596
4762,2,596
4763,3,596
4764,4,596
4765,5,596
4766,6,596
4767,7,596
4768,8,596
4769,1,597
4770,2,597
4771,3,597
4772,4,597
4773,5,597
4774,6,597
4775,7,597
4776,8,597
4777,1,598
4778,2,598
4779,3,598
4780,4,598
4781,5,598
4782,6,598
4783,7,598
4784,8,598
4785,1,599
4786,2,599
4787,3,599
4788,4,599
4789,5,599
4790,6,599
4791,7,599
4792,8,599
4793,1,600
4794,2,600
4795,3,600
4796,4,600
4797,5,600
4798,6,600
4799,7,600
4800,8,600
4801,1,601
4802,2,601
4803,3,601
4804,4,601
4805,5,601
4806,6,601
4807,7,601
4808,8,601
4809,1,602
4810,2,602
4811,3,602
4812,4,602
4813,5,602
4814,6,602
4815,7,602
4816,8,602
4817,1,603
4818,2,603
4819,3,603
4820,4,603
4821,5,603
4822,6,603
4823,7,603
4824,8,603
4825,1,604
4826,2,604
4827,3,604
4828,4,604
4829,5,604
4830,6,604
4831,7,604
4832,8,604
4833,1,605
4834,2,605
4835,3,605
4836,4,605
4837,5,605
4838,6,605
4839,7,605
4840,8,605
4841,1,606
4842,2,606
4843,3,606
4844,4,606
4845,5,606
4846,6,606
4847,7,606
4848,8,606
4849,1,607
4850,2,607
4851,3,607
4852,4,607
4853,5,607
4854,6,607
4855,7,607
4856,8,607
4857,1,608
4858,2,608
4859,3,608
4860,4,608
4861,5,608
4862,6,608
4863,7,608
4864,8,608
4865,1,609
4866,2,609
4867,3,609
4868,4,609
4869,5,609
4870,6,609
4871,7,609
4872,8,609
4873,1,610
4874,2,610
4875,3,610
4876,4,610
4877,5,610
4878,6,610
4879,7,610
4880,8,610
4881,1,611
4882,2,611
4883,3,611
4884,4,611
4885,5,611
4886,6,611
4887,7,611
4888,8,611
4889,1,612
4890,2,612
4891,3,612
4892,4,612
4893,5,612
4894,6,612
4895,7,612
4896,8,612
4897,1,613
4898,2,613
4899,3,613
4900,4,613
4901,5,613
4902,6,613
4903,7,613
4904,8,613
4905,1,614
4906,2,614
4907,3,614
4908,4,614
4909,5,614
4910,6,614
4911,7,614
4912,8,614
4913,1,615
4914,2,615
4915,3,615
4916,4,615
4917,5,615
4918,6,615
4919,7,615
4920,8,615
4921,1,616
4922,2,616
4923,3,616
4924,4,616
4925,5,616
4926,6,616
4927,7,616
4928,8,616
4929,1,617
4930,2,617
4931,3,617
4932,4,617
4933,5,617
4934,6,617
4935,7,617
4936,8,617
4937,1,618
4938,2,618
4939,3,618
4940,4,618
4941,5,618
4942,6,618
4943,7,618
4944,8,618
4945,1,619
4946,2,619
4947,3,619
4948,4,619
4949,5,619
4950,6,619
4951,7,619
4952,8,619
4953,1,620
4954,2,620
4955,3,620
4956,4,620
4957,5,620
4958,6,620
4959,7,620
4960,8,620
4961,1,621
4962,2,621
4963,3,621
4964,4,621
4965,5,621
4966,6,621
4967,7,621
4968,8,621
4969,1,622
4970,2,622
4971,3,622
4972,4,622
4973,5,622
4974,6,622
4975,7,622
4976,8,622
4977,1,623
4978,2,623
4979,3,623
4980,4,623
4981,5,623
4982,6,623
4983,7,623
4984,8,623
4985,1,624
4986,2,624
4987,3,624
4988,4,624
4989,5,624
4990,6,624
4991,7,624
4992,8,624
4993,1,625
4994,2,625
4995,3,625
4996,4,625
4997,5,625
4998,6,625
4999,7,625
5000,8,625
5001,1,626
5002,2,626
5003,3,626
5004,4,626
5005,5,626
5006,6,626
5007,7,626
5008,8,626
5009,1,627
5010,2,627
5011,3,627
5012,4,627
5013,5,627
5014,6,627
5015,7,627
5016,8,627
5017,1,628
5018,2,628
5019,3,628
5020,4,628
5021,5,628
5022,6,628
5023,7,628
5024,8,628
5025,1,629
5026,2,629
5027,3,629
5028,4,629
5029,5,629
5030,6,629
5031,7,629
5032,8,629
5033,1,630
5034,2,630
5035,3,630
5036,4,630
5037,5,630
5038,6,630
5039,7,630
5040,8,630
5041,1,631
5042,2,631
5043,3,631
5044,4,631
5045,5,631
5046,6,631
5047,7,631
5048,8,631
5049,1,632
5050,2,632
5051,3,632
5052,4,632
5053,5,632
5054,6,632
5055,7,632
5056,8,632
5057,1,633
5058,2,633
5059,3,633
5060,4,633
5061,5,633
5062,6,633
5063,7,633
5064,8,633
5065,1,634
5066,2,634
5067,3,634
5068,4,634
5069,5,634
5070,6,634
5071,7,634
5072,8,634
5073,1,635
5074,2,635
5075,3,635
5076,4,635
5077,5,635
5078,6,635
5079,7,635
5080,8,635
5081,1,636
5082,2,636
5083,3,636
5084,4,636
5085,5,636
5086,6,636
5087,7,636
5088,8,636
5089,1,637
5090,2,637
5091,3,637
5092,4,637
5093,5,637
5094,6,637
5095,7,637
5096,8,637
5097,1,638
5098,2,638
5099,3,638
5100,4,638
5101,5,638
5102,6,638
5103,7,638
5104,8,638
5105,1,639
5106,2,639
5107,3,639
5108,4,639
5109,5,639
5110,6,639
5111,7,639
5112,8,639
5113,1,640
5114,2,640
5115,3,640
5116,4,640
5117,5,640
5118,6,640
5119,7,640
5120,8,640
5121,1,641
5122,2,641
5123,3,641
5124,4,641
5125,5,641
5126,6,641
5127,7,641
5128,8,641
5129,1,642
5130,2,642
5131,3,642
5132,4,642
5133,5,642
5134,6,642
5135,7,642
5136,8,642
5137,1,643
5138,2,643
5139,3,643
5140,4,643
5141,5,643
5142,6,643
5143,7,643
5144,8,643
5145,1,644
5146,2,644
5147,3,644
5148,4,644
5149,5,644
5150,6,644
5151,7,644
5152,8,644
5153,1,645
5154,2,645
5155,3,645
5156,4,645
5157,5,645
5158,6,645
5159,7,645
5160,8,645
5161,1,646
5162,2,646
5163,3,646
5164,4,646
5165,5,646
5166,6,646
5167,7,646
5168,8,646
5169,1,647
5170,2,647
5171,3,647
5172,4,647
5173,5,647
5174,6,647
5175,7,647
5176,8,647
5177,1,648
5178,2,648
5179,3,648
5180,4,648
5181,5,648
5182,6,648
5183,7,648
5184,8,648
5185,1,649
5186,2,649
5187,3,649
5188,4,649
5189,5,649
5190,6,649
5191,7,649
5192,8,649
5193,1,650
5194,2,650
5195,3,650
5196,4,650
5197,5,650
5198,6,650
5199,7,650
5200,8,650
5201,1,651
5202,2,651
5203,3,651
5204,4,651
5205,5,651
5206,6,651
5207,7,651
5208,8,651
5209,1,652
5210,2,652
5211,3,652
5212,4,652
5213,5,652
5214,6,652
5215,7,652
5216,8,652
5217,1,653
5218,2,653
5219,3,653
5220,4,653
5221,5,653
5222,6,653
5223,7,653
5224,8,653
5225,1,654
5226,2,654
5227,3,654
5228,4,654
5229,5,654
5230,6,654
5231,7,654
5232,8,654
5233,1,655
5234,2,655
5235,3,655
5236,4,655
5237,5,655
5238,6,655
5239,7,655
5240,8,655
5241,1,656
5242,2,656
5243,3,656
5244,4,656
5245,5,656
5246,6,656
5247,7,656
5248,8,656
5249,1,657
5250,2,657
5251,3,657
5252,4,657
5253,5,657
5254,6,657
5255,7,657
5256,8,657
5257,1,658
5258,2,658
5259,3,658
5260,4,658
5261,5,658
5262,6,658
5263,7,658
5264,8,658
5265,1,659
5266,2,659
5267,3,659
5268,4,659
5269,5,659
5270,6,659
5271,7,659
5272,8,659
5273,1,660
5274,2,660
5275,3,660
5276,4,660
5277,5,660
5278,6,660
5279,7,660
5280,8,660
5281,1,661
5282,2,661
5283,3,661
5284,4,661
5285,5,661
5286,6,661
5287,7,661
5288,8,661
5289,1,662
5290,2,662
5291,3,662
5292,4,662
5293,5,662
5294,6,662
5295,7,662
5296,8,662
5297,1,663
5298,2,663
5299,3,663
5300,4,663
5301,5,663
5302,6,663
5303,7,663
5304,8,663
5305,1,664
5306,2,664
5307,3,664
5308,4,664
5309,5,664
5310,6,664
5311,7,664
5312,8,664
5313,1,665
5314,2,665
5315,3,665
5316,4,665
5317,5,665
5318,6,665
5319,7,665
5320,8,665
5321,1,666
5322,2,666
5323,3,666
5324,4,666
5325,5,666
5326,6,666
5327,7,666
5328,8,666
5329,1,667
5330,2,667
5331,3,667
5332,4,667
5333,5,667
5334,6,667
5335,7,667
5336,8,667
5337,1,668
5338,2,668
5339,3,668
5340,4,668
5341,5,668
5342,6,668
5343,7,668
5344,8,668
5345,1,669
5346,2,669
5347,3,669
5348,4,669
5349,5,669
5350,6,669
5351,7,669
5352,8,669
5353,1,670
5354,2,670
5355,3,670
5356,4,670
5357,5,670
5358,6,670
5359,7,670
5360,8,670
5361,1,671
5362,2,671
5363,3,671
5364,4,671
5365,5,671
5366,6,671
5367,7,671
5368,8,671
5369,1,672
5370,2,672
5371,3,672
5372,4,672
5373,5,672
5374,6,672
5375,7,672
5376,8,672
5377,1,673
5378,2,673
5379,3,673
5380,4,673
5381,5,673
5382,6,673
5383,7,673
5384,8,673
5385,1,674
5386,2,674
5387,3,674
5388,4,674
5389,5,674
5390,6,674
5391,7,674
5392,8,674
5393,1,675
5394,2,675
5395,3,675
5396,4,675
5397,5,675
5398,6,675
5399,7,675
5400,8,675
5401,1,676
5402,2,676
5403,3,676
5404,4,676
5405,5,676
5406,6,676
5407,7,676
5408,8,676
5409,1,677
5410,2,677
5411,3,677
5412,4,677
5413,5,677
5414,6,677
5415,7,677
5416,8,677
5417,1,678
5418,2,678
5419,3,678
5420,4,678
5421,5,678
5422,6,678
5423,7,678
5424,8,678
5425,1,679
5426,2,679
5427,3,679
5428,4,679
5429,5,679
5430,6,679
5431,7,679
5432,8,679
5433,1,680
5434,2,680
5435,3,680
5436,4,680
5437,5,680
5438,6,680
5439,7,680
5440,8,680
5441,1,681
5442,2,681
5443,3,681
5444,4,681
5445,5,681
5446,6,681
5447,7,681
5448,8,681
5449,1,682
5450,2,682
5451,3,682
5452,4,682
5453,5,682
5454,6,682
5455,7,682
5456,8,682
5457,1,683
5458,2,683
5459,3,683
5460,4,683
5461,5,683
5462,6,683
5463,7,683
5464,8,683
5465,1,684
5466,2,684
5467,3,684
5468,4,684
5469,5,684
5470,6,684
5471,7,684
5472,8,684
5473,1,685
5474,2,685
5475,3,685
5476,4,685
5477,5,685
5478,6,685
5479,7,685
5480,8,685
5481,1,686
5482,2,686
5483,3,686
5484,4,686
5485,5,686
5486,6,686
5487,7,686
5488,8,686
5489,1,687
5490,2,687
5491,3,687
5492,4,687
5493,5,687
5494,6,687
5495,7,687
5496,8,687
5497,1,688
5498,2,688
5499,3,688
5500,4,688
5501,5,688
5502,6,688
5503,7,688
5504,8,688
5505,1,689
5506,2,689
5507,3,689
5508,4,689
5509,5,689
5510,6,689
5511,7,689
5512,8,689
5513,1,690
5514,2,690
5515,3,690
5516,4,690
5517,5,690
5518,6,690
5519,7,690
5520,8,690
5521,1,691
5522,2,691
5523,3,691
5524,4,691
5525,5,691
5526,6,691
5527,7,691
5528,8,691
5529,1,692
5530,2,692
5531,3,692
5532,4,692
5533,5,692
5534,6,692
5535,7,692
5536,8,692
5537,1,693
5538,2,693
5539,3,693
5540,4,693
5541,5,693
5542,6,693
5543,7,693
5544,8,693
5545,1,694
5546,2,694
5547,3,694
5548,4,694
5549,5,694
5550,6,694
5551,7,694
5552,8,694
5553,1,695
5554,2,695
5555,3,695
5556,4,695
5557,5,695
5558,6,695
5559,7,695
5560,8,695
5561,1,696
5562,2,696
5563,3,696
5564,4,696
5565,5,696
5566,6,696
5567,7,696
5568,8,696
5569,1,697
5570,2,697
5571,3,697
5572,4,697
5573,5,697
5574,6,697
5575,7,697
5576,8,697
5577,1,698
5578,2,698
5579,3,698
5580,4,698
5581,5,698
5582,6,698
5583,7,698
5584,8,698
5585,1,699
5586,2,699
5587,3,699
5588,4,699
5589,5,699
5590,6,699
5591,7,699
5592,8,699
5593,1,700
5594,2,700
5595,3,700
5596,4,700
5597,5,700
5598,6,700
5599,7,700
5600,8,700
5601,1,701
5602,2,701
5603,3,701
5604,4,701
5605,5,701
5606,6,701
5607,7,701
5608,8,701
5609,1,702
5610,2,702
5611,3,702
5612,4,702
5613,5,702
5614,6,702
5615,7,702
5616,8,702
5617,1,703
5618,2,703
5619,3,703
5620,4,703
5621,5,703
5622,6,703
5623,7,703
5624,8,703
5625,1,704
5626,2,704
5627,3,704
5628,4,704
5629,5,704
5630,6,704
5631,7,704
5632,8,704
5633,1,705
5634,2,705
5635,3,705
5636,4,705
5637,5,705
5638,6,705
5639,7,705
5640,8,705
5641,1,706
5642,2,706
5643,3,706
5644,4,706
5645,5,706
5646,6,706
5647,7,706
5648,8,706
5649,1,707
5650,2,707
5651,3,707
5652,4,707
5653,5,707
5654,6,707
5655,7,707
5656,8,707
5657,1,708
5658,2,708
5659,3,708
5660,4,708
5661,5,708
5662,6,708
5663,7,708
5664,8,708
5665,1,709
5666,2,709
5667,3,709
5668,4,709
5669,5,709
5670,6,709
5671,7,709
5672,8,709
5673,1,710
5674,2,710
5675,3,710
5676,4,710
5677,5,710
5678,6,710
5679,7,710
5680,8,710
5681,1,711
5682,2,711
5683,3,711
5684,4,711
5685,5,711
5686,6,711
5687,7,711
5688,8,711
5689,1,712
5690,2,712
5691,3,712
5692,4,712
5693,5,712
5694,6,712
5695,7,712
5696,8,712
5697,1,713
5698,2,713
5699,3,713
5700,4,713
5701,5,713
5702,6,713
5703,7,713
5704,8,713
5705,1,714
5706,2,714
5707,3,714
5708,4,714
5709,5,714
5710,6,714
5711,7,714
5712,8,714
5713,1,715
5714,2,715
5715,3,715
5716,4,715
5717,5,715
5718,6,715
5719,7,715
5720,8,715
5721,1,716
5722,2,716
5723,3,716
5724,4,716
5725,5,716
5726,6,716
5727,7,716
5728,8,716
5729,1,717
5730,2,717
5731,3,717
5732,4,717
5733,5,717
5734,6,717
5735,7,717
5736,8,717
5737,1,718
5738,2,718
5739,3,718
5740,4,718
5741,5,718
5742,6,718
5743,7,718
5744,8,718
5745,1,719
5746,2,719
5747,3,719
5748,4,719
5749,5,719
5750,6,719
5751,7,719
5752,8,719
5753,1,720
5754,2,720
5755,3,720
5756,4,720
5757,5,720
5758,6,720
5759,7,720
5760,8,720
5761,1,721
5762,2,721
5763,3,721
5764,4,721
5765,5,721
5766,6,721
5767,7,721
5768,8,721
5769,1,722
5770,2,722
5771,3,722
5772,4,722
5773,5,722
5774,6,722
5775,7,722
5776,8,722
5777,1,723
5778,2,723
5779,3,723
5780,4,723
5781,5,723
5782,6,723
5783,7,723
5784,8,723
5785,1,724
5786,2,724
5787,3,724
5788,4,724
5789,5,724
5790,6,724
5791,7,724
5792,8,724
5793,1,725
5794,2,725
5795,3,725
5796,4,725
5797,5,725
5798,6,725
5799,7,725
5800,8,725
5801,1,726
5802,2,726
5803,3,726
5804,4,726
5805,5,726
5806,6,726
5807,7,726
5808,8,726
5809,1,727
5810,2,727
5811,3,727
5812,4,727
5813,5,727
5814,6,727
5815,7,727
5816,8,727
5817,1,728
5818,2,728
5819,3,728
5820,4,728
5821,5,728
5822,6,728
5823,7,728
5824,8,728
5825,1,729
5826,2,729
5827,3,729
5828,4,729
5829,5,729
5830,6,729
5831,7,729
5832,8,729
5833,1,730
5834,2,730
5835,3,730
5836,4,730
5837,5,730
5838,6,730
5839,7,730
5840,8,730
5841,1,731
5842,2,731
5843,3,731
5844,4,731
5845,5,731
5846,6,731
5847,7,731
5848,8,731
5849,1,732
5850,2,732
5851,3,732
5852,4,732
5853,5,732
5854,6,732
5855,7,732
5856,8,732
5857,1,733
5858,2,733
5859,3,733
5860,4,733
5861,5,733
5862,6,733
5863,7,733
5864,8,733
5865,1,734
5866,2,734
5867,3,734
5868,4,734
5869,5,734
5870,6,734
5871,7,734
5872,8,734
5873,1,735
5874,2,735
5875,3,735
5876,4,735
5877,5,735
5878,6,735
5879,7,735
5880,8,735
5881,1,736
5882,2,736
5883,3,736
5884,4,736
5885,5,736
5886,6,736
5887,7,736
5888,8,736
5889,1,737
5890,2,737
5891,3,737
5892,4,737
5893,5,737
5894,6,737
5895,7,737
5896,8,737
5897,1,738
5898,2,738
5899,3,738
5900,4,738
5901,5,738
5902,6,738
5903,7,738
5904,8,738
5905,1,739
5906,2,739
5907,3,739
5908,4,739
5909,5,739
5910,6,739
5911,7,739
5912,8,739
5913,1,740
5914,2,740
5915,3,740
5916,4,740
5917,5,740
5918,6,740
5919,7,740
5920,8,740
5921,1,741
5922,2,741
5923,3,741
5924,4,741
5925,5,741
5926,6,741
5927,7,741
5928,8,741
5929,1,742
5930,2,742
5931,3,742
5932,4,742
5933,5,742
5934,6,742
5935,7,742
5936,8,742
5937,1,743
5938,2,743
5939,3,743
5940,4,743
5941,5,743
5942,6,743
5943,7,743
5944,8,743
5945,1,744
5946,2,744
5947,3,744
5948,4,744
5949,5,744
5950,6,744
5951,7,744
5952,8,744
5953,1,745
5954,2,745
5955,3,745
5956,4,745
5957,5,745
5958,6,745
5959,7,745
5960,8,745
5961,1,746
5962,2,746
5963,3,746
5964,4,746
5965,5,746
5966,6,746
5967,7,746
5968,8,746
5969,1,747
5970,2,747
5971,3,747
5972,4,747
5973,5,747
5974,6,747
5975,7,747
5976,8,747
5977,1,748
5978,2,748
5979,3,748
5980,4,748
5981,5,748
5982,6,748
5983,7,748
5984,8,748
5985,1,749
5986,2,749
5987,3,749
5988,4,749
5989,5,749
5990,6,749
5991,7,749
5992,8,749
5993,1,750
5994,2,750
5995,3,750
5996,4,750
5997,5,750
5998,6,750
5999,7,750
6000,8,750
6001,1,751
6002,2,751
6003,3,751
6004,4,751
6005,5,751
6006,6,751
6007,7,751
6008,8,751
6009,1,752
6010,2,752
6011,3,752
6012,4,752
6013,5,752
6014,6,752
6015,7,752
6016,8,752
6017,1,753
6018,2,753
6019,3,753
6020,4,753
6021,5,753
6022,6,753
6023,7,753
6024,8,753
6025,1,754
6026,2,754
6027,3,754
6028,4,754
6029,5,754
6030,6,754
6031,7,754
6032,8,754
6033,1,755
6034,2,755
6035,3,755
6036,4,755
6037,5,755
6038,6,755
6039,7,755
6040,8,755
6041,1,756
6042,2,756
6043,3,756
6044,4,756
6045,5,756
6046,6,756
6047,7,756
6048,8,756
6049,1,757
6050,2,757
6051,3,757
6052,4,757
6053,5,757
6054,6,757
6055,7,757
6056,8,757
6057,1,758
6058,2,758
6059,3,758
6060,4,758
6061,5,758
6062,6,758
6063,7,758
6064,8,758
6065,1,759
6066,2,759
6067,3,759
6068,4,759
6069,5,759
6070,6,759
6071,7,759
6072,8,759
6073,1,760
6074,2,760
6075,3,760
6076,4,760
6077,5,760
6078,6,760
6079,7,760
6080,8,760
6081,1,761
6082,2,761
6083,3,761
6084,4,761
6085,5,761
6086,6,761
6087,7,761
6088,8,761
6089,1,762
6090,2,762
6091,3,762
6092,4,762
6093,5,762
6094,6,762
6095,7,762
6096,8,762
6097,1,763
6098,2,763
6099,3,763
6100,4,763
6101,5,763
6102,6,763
6103,7,763
6104,8,763
6105,1,764
6106,2,764
6107,3,764
6108,4,764
6109,5,764
6110,6,764
6111,7,764
6112,8,764
6113,1,765
6114,2,765
6115,3,765
6116,4,765
6117,5,765
6118,6,765
6119,7,765
6120,8,765
6121,1,766
6122,2,766
6123,3,766
6124,4,766
6125,5,766
6126,6,766
6127,7,766
6128,8,766
6129,1,767
6130,2,767
6131,3,767
6132,4,767
6133,5,767
6134,6,767
6135,7,767
6136,8,767
6137,1,768
6138,2,768
6139,3,768
6140,4,768
6141,5,768
6142,6,768
6143,7,768
6144,8,768
6145,1,769
6146,2,769
6147,3,769
6148,4,769
6149,5,769
6150,6,769
6151,7,769
6152,8,769
6153,1,770
6154,2,770
6155,3,770
6156,4,770
6157,5,770
6158,6,770
6159,7,770
6160,8,770
6161,1,771
6162,2,771
6163,3,771
6164,4,771
6165,5,771
6166,6,771
6167,7,771
6168,8,771
6169,1,772
6170,2,772
6171,3,772
6172,4,772
6173,5,772
6174,6,772
6175,7,772
6176,8,772
6177,1,773
6178,2,773
6179,3,773
6180,4,773
6181,5,773
6182,6,773
6183,7,773
6184,8,773
6185,1,774
6186,2,774
6187,3,774
6188,4,774
6189,5,774
6190,6,774
6191,7,774
6192,8,774
6193,1,775
6194,2,775
6195,3,775
6196,4,775
6197,5,775
6198,6,775
6199,7,775
6200,8,775
6201,1,776
6202,2,776
6203,3,776
6204,4,776
6205,5,776
6206,6,776
6207,7,776
6208,8,776
6209,1,777
6210,2,777
6211,3,777
6212,4,777
6213,5,777
6214,6,777
6215,7,777
6216,8,777
6217,1,778
6218,2,778
6219,3,778
6220,4,778
6221,5,778
6222,6,778
6223,7,778
6224,8,778
6225,1,779
6226,2,779
6227,3,779
6228,4,779
6229,5,779
6230,6,779
6231,7,779
6232,8,779
6233,1,780
6234,2,780
6235,3,780
6236,4,780
6237,5,780
6238,6,780
6239,7,780
6240,8,780
6241,1,781
6242,2,781
6243,3,781
6244,4,781
6245,5,781
6246,6,781
6247,7,781
6248,8,781
6249,1,782
6250,2,782
6251,3,782
6252,4,782
6253,5,782
6254,6,782
6255,7,782
6256,8,782
6257,1,783
6258,2,783
6259,3,783
6260,4,783
6261,5,783
6262,6,783
6263,7,783
6264,8,783
6265,1,784
6266,2,784
6267,3,784
6268,4,784
6269,5,784
6270,6,784
6271,7,784
6272,8,784
6273,1,785
6274,2,785
6275,3,785
6276,4,785
6277,5,785
6278,6,785
6279,7,785
6280,8,785
6281,1,786
6282,2,786
6283,3,786
6284,4,786
6285,5,786
6286,6,786
6287,7,786
6288,8,786
6289,1,787
6290,2,787
6291,3,787
6292,4,787
6293,5,787
6294,6,787
6295,7,787
6296,8,787
6297,1,788
6298,2,788
6299,3,788
6300,4,788
6301,5,788
6302,6,788
6303,7,788
6304,8,788
6305,1,789
6306,2,789
6307,3,789
6308,4,789
6309,5,789
6310,6,789
6311,7,789
6312,8,789
6313,1,790
6314,2,790
6315,3,790
6316,4,790
6317,5,790
6318,6,790
6319,7,790
6320,8,790
6321,1,791
6322,2,791
6323,3,791
6324,4,791
6325,5,791
6326,6,791
6327,7,791
6328,8,791
6329,1,792
6330,2,792
6331,3,792
6332,4,792
6333,5,792
6334,6,792
6335,7,792
6336,8,792
6337,1,793
6338,2,793
6339,3,793
6340,4,793
6341,5,793
6342,6,793
6343,7,793
6344,8,793
6345,1,794
6346,2,794
6347,3,794
6348,4,794
6349,5,794
6350,6,794
6351,7,794
6352,8,794
6353,1,795
6354,2,795
6355,3,795
6356,4,795
6357,5,795
6358,6,795
6359,7,795
6360,8,795
6361,1,796
6362,2,796
6363,3,796
6364,4,796
6365,5,796
6366,6,796
6367,7,796
6368,8,796
6369,1,797
6370,2,797
6371,3,797
6372,4,797
6373,5,797
6374,6,797
6375,7,797
6376,8,797
6377,1,798
6378,2,798
6379,3,798
6380,4,798
6381,5,798
6382,6,798
6383,7,798
6384,8,798
6385,1,799
6386,2,799
6387,3,799
6388,4,799
6389,5,799
6390,6,799
6391,7,799
6392,8,799
6393,1,800
6394,2,800
6395,3,800
6396,4,800
6397,5,800
6398,6,800
6399,7,800
6400,8,800
6401,1,801
6402,2,801
6403,3,801
6404,4,801
6405,5,801
6406,6,801
6407,7,801
6408,8,801
6409,1,802
6410,2,802
6411,3,802
6412,4,802
6413,5,802
6414,6,802
6415,7,802
6416,8,802
6417,1,803
6418,2,803
6419,3,803
6420,4,803
6421,5,803
6422,6,803
6423,7,803
6424,8,803
6425,1,804
6426,2,804
6427,3,804
6428,4,804
6429,5,804
6430,6,804
6431,7,804
6432,8,804
6433,1,805
6434,2,805
6435,3,805
6436,4,805
6437,5,805
6438,6,805
6439,7,805
6440,8,805
6441,1,806
6442,2,806
6443,3,806
6444,4,806
6445,5,806
6446,6,806
6447,7,806
6448,8,806
6449,1,807
6450,2,807
6451,3,807
6452,4,807
6453,5,807
6454,6,807
6455,7,807
6456,8,807
6457,1,808
6458,2,808
6459,3,808
6460,4,808
6461,5,808
6462,6,808
6463,7,808
6464,8,808
6465,1,809
6466,2,809
6467,3,809
6468,4,809
6469,5,809
6470,6,809
6471,7,809
6472,8,809
6473,1,810
6474,2,810
6475,3,810
6476,4,810
6477,5,810
6478,6,810
6479,7,810
6480,8,810
6481,1,811
6482,2,811
6483,3,811
6484,4,811
6485,5,811
6486,6,811
6487,7,811
6488,8,811
6489,1,812
6490,2,812
6491,3,812
6492,4,812
6493,5,812
6494,6,812
6495,7,812
6496,8,812
6497,1,813
6498,2,813
6499,3,813
6500,4,813
6501,5,813
6502,6,813
6503,7,813
6504,8,813
6505,1,814
6506,2,814
6507,3,814
6508,4,814
6509,5,814
6510,6,814
6511,7,814
6512,8,814
6513,1,815
6514,2,815
6515,3,815
6516,4,815
6517,5,815
6518,6,815
6519,7,815
6520,8,815
6521,1,816
6522,2,816
6523,3,816
6524,4,816
6525,5,816
6526,6,816
6527,7,816
6528,8,816
6529,1,817
6530,2,817
6531,3,817
6532,4,817
6533,5,817
6534,6,817
6535,7,817
6536,8,817
6537,1,818
6538,2,818
6539,3,818
6540,4,818
6541,5,818
6542,6,818
6543,7,818
6544,8,818
6545,1,819
6546,2,819
6547,3,819
6548,4,819
6549,5,819
6550,6,819
6551,7,819
6552,8,819
6553,1,820
6554,2,820
6555,3,820
6556,4,820
6557,5,820
6558,6,820
6559,7,820
6560,8,820
6561,1,821
6562,2,821
6563,3,821
6564,4,821
6565,5,821
6566,6,821
6567,7,821
6568,8,821
6569,1,822
6570,2,822
6571,3,822
6572,4,822
6573,5,822
6574,6,822
6575,7,822
6576,8,822
6577,1,823
6578,2,823
6579,3,823
6580,4,823
6581,5,823
6582,6,823
6583,7,823
6584,8,823
6585,1,824
6586,2,824
6587,3,824
6588,4,824
6589,5,824
6590,6,824
6591,7,824
6592,8,824
6593,1,825
6594,2,825
6595,3,825
6596,4,825
6597,5,825
6598,6,825
6599,7,825
6600,8,825
6601,1,826
6602,2,826
6603,3,826
6604,4,826
6605,5,826
6606,6,826
6607,7,826
6608,8,826
6609,1,827
6610,2,827
6611,3,827
6612,4,827
6613,5,827
6614,6,827
6615,7,827
6616,8,827
6617,1,828
6618,2,828
6619,3,828
6620,4,828
6621,5,828
6622,6,828
6623,7,828
6624,8,828
6625,1,829
6626,2,829
6627,3,829
6628,4,829
6629,5,829
6630,6,829
6631,7,829
6632,8,829
6633,1,830
6634,2,830
6635,3,830
6636,4,830
6637,5,830
6638,6,830
6639,7,830
6640,8,830
6641,1,831
6642,2,831
6643,3,831
6644,4,831
6645,5,831
6646,6,831
6647,7,831
6648,8,831
6649,1,832
6650,2,832
6651,3,832
6652,4,832
6653,5,832
6654,6,832
6655,7,832
6656,8,832
6657,1,833
6658,2,833
6659,3,833
6660,4,833
6661,5,833
6662,6,833
6663,7,833
6664,8,833
6665,1,834
6666,2,834
6667,3,834
6668,4,834
6669,5,834
6670,6,834
6671,7,834
6672,8,834
6673,1,835
6674,2,835
6675,3,835
6676,4,835
6677,5,835
6678,6,835
6679,7,835
6680,8,835
6681,1,836
6682,2,836
6683,3,836
6684,4,836
6685,5,836
6686,6,836
6687,7,836
6688,8,836
6689,1,837
6690,2,837
6691,3,837
6692,4,837
6693,5,837
6694,6,837
6695,7,837
6696,8,837
6697,1,838
6698,2,838
6699,3,838
6700,4,838
6701,5,838
6702,6,838
6703,7,838
6704,8,838
6705,1,839
6706,2,839
6707,3,839
6708,4,839
6709,5,839
6710,6,839
6711,7,839
6712,8,839
6713,1,840
6714,2,840
6715,3,840
6716,4,840
6717,5,840
6718,6,840
6719,7,840
6720,8,840
6721,1,841
6722,2,841
6723,3,841
6724,4,841
6725,5,841
6726,6,841
6727,7,841
6728,8,841
6729,1,842
6730,2,842
6731,3,842
6732,4,842
6733,5,842
6734,6,842
6735,7,842
6736,8,842
6737,1,843
6738,2,843
6739,3,843
6740,4,843
6741,5,843
6742,6,843
6743,7,843
6744,8,843
6745,1,844
6746,2,844
6747,3,844
6748,4,844
6749,5,844
6750,6,844
6751,7,844
6752,8,844
6753,1,845
6754,2,845
6755,3,845
6756,4,845
6757,5,845
6758,6,845
6759,7,845
6760,8,845
6761,1,846
6762,2,846
6763,3,846
6764,4,846
6765,5,846
6766,6,846
6767,7,846
6768,8,846
6769,1,847
6770,2,847
6771,3,847
6772,4,847
6773,5,847
6774,6,847
6775,7,847
6776,8,847
6777,1,848
6778,2,848
6779,3,848
6780,4,848
6781,5,848
6782,6,848
6783,7,848
6784,8,848
6785,1,849
6786,2,849
6787,3,849
6788,4,849
6789,5,849
6790,6,849
6791,7,849
6792,8,849
6793,1,850
6794,2,850
6795,3,850
6796,4,850
6797,5,850
6798,6,850
6799,7,850
6800,8,850
6801,1,851
6802,2,851
6803,3,851
6804,4,851
6805,5,851
6806,6,851
6807,7,851
6808,8,851
6809,1,852
6810,2,852
6811,3,852
6812,4,852
6813,5,852
6814,6,852
6815,7,852
6816,8,852
6817,1,853
6818,2,853
6819,3,853
6820,4,853
6821,5,853
6822,6,853
6823,7,853
6824,8,853
6825,1,854
6826,2,854
6827,3,854
6828,4,854
6829,5,854
6830,6,854
6831,7,854
6832,8,854
6833,1,855
6834,2,855
6835,3,855
6836,4,855
6837,5,855
6838,6,855
6839,7,855
6840,8,855
6841,1,856
6842,2,856
6843,3,856
6844,4,856
6845,5,856
6846,6,856
6847,7,856
6848,8,856
6849,1,857
6850,2,857
6851,3,857
6852,4,857
6853,5,857
6854,6,857
6855,7,857
6856,8,857
6857,1,858
6858,2,858
6859,3,858
6860,4,858
6861,5,858
6862,6,858
6863,7,858
6864,8,858
6865,1,859
6866,2,859
6867,3,859
6868,4,859
6869,5,859
6870,6,859
6871,7,859
6872,8,859
6873,1,860
6874,2,860
6875,3,860
6876,4,860
6877,5,860
6878,6,860
6879,7,860
6880,8,860
6881,1,861
6882,2,861
6883,3,861
6884,4,861
6885,5,861
6886,6,861
6887,7,861
6888,8,861
6889,1,862
6890,2,862
6891,3,862
6892,4,862
6893,5,862
6894,6,862
6895,7,862
6896,8,862
6897,1,863
6898,2,863
6899,3,863
6900,4,863
6901,5,863
6902,6,863
6903,7,863
6904,8,863
6905,1,864
6906,2,864
6907,3,864
6908,4,864
6909,5,864
6910,6,864
6911,7,864
6912,8,864
6913,1,865
6914,2,865
6915,3,865
6916,4,865
6917,5,865
6918,6,865
6919,7,865
6920,8,865
6921,1,866
6922,2,866
6923,3,866
6924,4,866
6925,5,866
6926,6,866
6927,7,866
6928,8,866
6929,1,867
6930,2,867
6931,3,867
6932,4,867
6933,5,867
6934,6,867
6935,7,867
6936,8,867
6937,1,868
6938,2,868
6939,3,868
6940,4,868
6941,5,868
6942,6,868
6943,7,868
6944,8,868
6945,1,869
6946,2,869
6947,3,869
6948,4,869
6949,5,869
6950,6,869
6951,7,869
6952,8,869
6953,1,870
6954,2,870
6955,3,870
6956,4,870
6957,5,870
6958,6,870
6959,7,870
6960,8,870
6961,1,871
6962,2,871
6963,3,871
6964,4,871
6965,5,871
6966,6,871
6967,7,871
6968,8,871
6969,1,872
6970,2,872
6971,3,872
6972,4,872
6973,5,872
6974,6,872
6975,7,872
6976,8,872
6977,1,873
6978,2,873
6979,3,873
6980,4,873
6981,5,873
6982,6,873
6983,7,873
6984,8,873
6985,1,874
6986,2,874
6987,3,874
6988,4,874
6989,5,874
6990,6,874
6991,7,874
6992,8,874
6993,1,875
6994,2,875
6995,3,875
6996,4,875
6997,5,875
6998,6,875
6999,7,875
7000,8,875
7001,1,876
7002,2,876
7003,3,876
7004,4,876
7005,5,876
7006,6,876
7007,7,876
7008,8,876
7009,1,877
7010,2,877
7011,3,877
7012,4,877
7013,5,877
7014,6,877
7015,7,877
7016,8,877
7017,1,878
7018,2,878
7019,3,878
7020,4,878
7021,5,878
7022,6,878
7023,7,878
7024,8,878
7025,1,879
7026,2,879
7027,3,879
7028,4,879
7029,5,879
7030,6,879
7031,7,879
7032,8,879
7033,1,880
7034,2,880
7035,3,880
7036,4,880
7037,5,880
7038,6,880
7039,7,880
7040,8,880
7041,1,881
7042,2,881
7043,3,881
7044,4,881
7045,5,881
7046,6,881
7047,7,881
7048,8,881
7049,1,882
7050,2,882
7051,3,882
7052,4,882
7053,5,882
7054,6,882
7055,7,882
7056,8,882
7057,1,883
7058,2,883
7059,3,883
7060,4,883
7061,5,883
7062,6,883
7063,7,883
7064,8,883
7065,1,884
7066,2,884
7067,3,884
7068,4,884
7069,5,884
7070,6,884
7071,7,884
7072,8,884
7073,1,885
7074,2,885
7075,3,885
7076,4,885
7077,5,885
7078,6,885
7079,7,885
7080,8,885
7081,1,886
7082,2,886
7083,3,886
7084,4,886
7085,5,886
7086,6,886
7087,7,886
7088,8,886
7089,1,887
7090,2,887
7091,3,887
7092,4,887
7093,5,887
7094,6,887
7095,7,887
7096,8,887
7097,1,888
7098,2,888
7099,3,888
7100,4,888
7101,5,888
7102,6,888
7103,7,888
7104,8,888
7105,1,889
7106,2,889
7107,3,889
7108,4,889
7109,5,889
7110,6,889
7111,7,889
7112,8,889
7113,1,890
7114,2,890
7115,3,890
7116,4,890
7117,5,890
7118,6,890
7119,7,890
7120,8,890
7121,1,891
7122,2,891
7123,3,891
7124,4,891
7125,5,891
7126,6,891
7127,7,891
7128,8,891
7129,1,892
7130,2,892
7131,3,892
7132,4,892
7133,5,892
7134,6,892
7135,7,892
7136,8,892
7137,1,893
7138,2,893
7139,3,893
7140,4,893
7141,5,893
7142,6,893
7143,7,893
7144,8,893
7145,1,894
7146,2,894
7147,3,894
7148,4,894
7149,5,894
7150,6,894
7151,7,894
7152,8,894
7153,1,895
7154,2,895
7155,3,895
7156,4,895
7157,5,895
7158,6,895
7159,7,895
7160,8,895
7161,1,896
7162,2,896
7163,3,896
7164,4,896
7165,5,896
7166,6,896
7167,7,896
7168,8,896
7169,1,897
7170,2,897
7171,3,897
7172,4,897
7173,5,897
7174,6,897
7175,7,897
7176,8,897
7177,1,898
7178,2,898
7179,3,898
7180,4,898
7181,5,898
7182,6,898
7183,7,898
7184,8,898
7185,1,899
7186,2,899
7187,3,899
7188,4,899
7189,5,899
7190,6,899
7191,7,899
7192,8,899
7193,1,900
7194,2,900
7195,3,900
7196,4,900
7197,5,900
7198,6,900
7199,7,900
7200,8,900
7201,1,901
7202,2,901
7203,3,901
7204,4,901
7205,5,901
7206,6,901
7207,7,901
7208,8,901
7209,1,902
7210,2,902
7211,3,902
7212,4,902
7213,5,902
7214,6,902
7215,7,902
7216,8,902
7217,1,903
7218,2,903
7219,3,903
7220,4,903
7221,5,903
7222,6,903
7223,7,903
7224,8,903
7225,1,904
7226,2,904
7227,3,904
7228,4,904
7229,5,904
7230,6,904
7231,7,904
7232,8,904
7233,1,905
7234,2,905
7235,3,905
7236,4,905
7237,5,905
7238,6,905
7239,7,905
7240,8,905
7241,1,906
7242,2,906
7243,3,906
7244,4,906
7245,5,906
7246,6,906
7247,7,906
7248,8,906
7249,1,907
7250,2,907
7251,3,907
7252,4,907
7253,5,907
7254,6,907
7255,7,907
7256,8,907
7257,1,908
7258,2,908
7259,3,908
7260,4,908
7261,5,908
7262,6,908
7263,7,908
7264,8,908
7265,1,909
7266,2,909
7267,3,909
7268,4,909
7269,5,909
7270,6,909
7271,7,909
7272,8,909
7273,1,910
7274,2,910
7275,3,910
7276,4,910
7277,5,910
7278,6,910
7279,7,910
7280,8,910
7281,1,911
7282,2,911
7283,3,911
7284,4,911
7285,5,911
7286,6,911
7287,7,911
7288,8,911
7289,1,912
7290,2,912
7291,3,912
7292,4,912
7293,5,912
7294,6,912
7295,7,912
7296,8,912
7297,1,913
7298,2,913
7299,3,913
7300,4,913
7301,5,913
7302,6,913
7303,7,913
7304,8,913
7305,1,914
7306,2,914
7307,3,914
7308,4,914
7309,5,914
7310,6,914
7311,7,914
7312,8,914
7313,1,915
7314,2,915
7315,3,915
7316,4,915
7317,5,915
7318,6,915
7319,7,915
7320,8,915
7321,1,916
7322,2,916
7323,3,916
7324,4,916
7325,5,916
7326,6,916
7327,7,916
7328,8,916
7329,1,917
7330,2,917
7331,3,917
7332,4,917
7333,5,917
7334,6,917
7335,7,917
7336,8,917
7337,1,918
7338,2,918
7339,3,918
7340,4,918
7341,5,918
7342,6,918
7343,7,918
7344,8,918
7345,1,919
7346,2,919
7347,3,919
7348,4,919
7349,5,919
7350,6,919
7351,7,919
7352,8,919
7353,1,920
7354,2,920
7355,3,920
7356,4,920
7357,5,920
7358,6,920
7359,7,920
7360,8,920
7361,1,921
7362,2,921
7363,3,921
7364,4,921
7365,5,921
7366,6,921
7367,7,921
7368,8,921
7369,1,922
7370,2,922
7371,3,922
7372,4,922
7373,5,922
7374,6,922
7375,7,922
7376,8,922
7377,1,923
7378,2,923
7379,3,923
7380,4,923
7381,5,923
7382,6,923
7383,7,923
7384,8,923
7385,1,924
7386,2,924
7387,3,924
7388,4,924
7389,5,924
7390,6,924
7391,7,924
7392,8,924
7393,1,925
7394,2,925
7395,3,925
7396,4,925
7397,5,925
7398,6,925
7399,7,925
7400,8,925
7401,1,926
7402,2,926
7403,3,926
7404,4,926
7405,5,926
7406,6,926
7407,7,926
7408,8,926
7409,1,927
7410,2,927
7411,3,927
7412,4,927
7413,5,927
7414,6,927
7415,7,927
7416,8,927
7417,1,928
7418,2,928
7419,3,928
7420,4,928
7421,5,928
7422,6,928
7423,7,928
7424,8,928
7425,1,929
7426,2,929
7427,3,929
7428,4,929
7429,5,929
7430,6,929
7431,7,929
7432,8,929
7433,1,930
7434,2,930
7435,3,930
7436,4,930
7437,5,930
7438,6,930
7439,7,930
7440,8,930
7441,1,931
7442,2,931
7443,3,931
7444,4,931
7445,5,931
7446,6,931
7447,7,931
7448,8,931
7449,1,932
7450,2,932
7451,3,932
7452,4,932
7453,5,932
7454,6,932
7455,7,932
7456,8,932
7457,1,933
7458,2,933
7459,3,933
7460,4,933
7461,5,933
7462,6,933
7463,7,933
7464,8,933
7465,1,934
7466,2,934
7467,3,934
7468,4,934
7469,5,934
7470,6,934
7471,7,934
7472,8,934
7473,1,935
7474,2,935
7475,3,935
7476,4,935
7477,5,935
7478,6,935
7479,7,935
7480,8,935
7481,1,936
7482,2,936
7483,3,936
7484,4,936
7485,5,936
7486,6,936
7487,7,936
7488,8,936
7489,1,937
7490,2,937
7491,3,937
7492,4,937
7493,5,937
7494,6,937
7495,7,937
7496,8,937
7497,1,938
7498,2,938
7499,3,938
7500,4,938
7501,5,938
7502,6,938
7503,7,938
7504,8,938
7505,1,939
7506,2,939
7507,3,939
7508,4,939
7509,5,939
7510,6,939
7511,7,939
7512,8,939
7513,1,940
7514,2,940
7515,3,940
7516,4,940
7517,5,940
7518,6,940
7519,7,940
7520,8,940
7521,1,941
7522,2,941
7523,3,941
7524,4,941
7525,5,941
7526,6,941
7527,7,941
7528,8,941
7529,1,942
7530,2,942
7531,3,942
7532,4,942
7533,5,942
7534,6,942
7535,7,942
7536,8,942
7537,1,943
7538,2,943
7539,3,943
7540,4,943
7541,5,943
7542,6,943
7543,7,943
7544,8,943
7545,1,944
7546,2,944
7547,3,944
7548,4,944
7549,5,944
7550,6,944
7551,7,944
7552,8,944
7553,1,945
7554,2,945
7555,3,945
7556,4,945
7557,5,945
7558,6,945
7559,7,945
7560,8,945
7561,1,946
7562,2,946
7563,3,946
7564,4,946
7565,5,946
7566,6,946
7567,7,946
7568,8,946
7569,1,947
7570,2,947
7571,3,947
7572,4,947
7573,5,947
7574,6,947
7575,7,947
7576,8,947
7577,1,948
7578,2,948
7579,3,948
7580,4,948
7581,5,948
7582,6,948
7583,7,948
7584,8,948
7585,1,949
7586,2,949
7587,3,949
7588,4,949
7589,5,949
7590,6,949
7591,7,949
7592,8,949
7593,1,950
7594,2,950
7595,3,950
7596,4,950
7597,5,950
7598,6,950
7599,7,950
7600,8,950
7601,1,951
7602,2,951
7603,3,951
7604,4,951
7605,5,951
7606,6,951
7607,7,951
7608,8,951
7609,1,952
7610,2,952
7611,3,952
7612,4,952
7613,5,952
7614,6,952
7615,7,952
7616,8,952
7617,1,953
7618,2,953
7619,3,953
7620,4,953
7621,5,953
7622,6,953
7623,7,953
7624,8,953
7625,1,954
7626,2,954
7627,3,954
7628,4,954
7629,5,954
7630,6,954
7631,7,954
7632,8,954
7633,1,955
7634,2,955
7635,3,955
7636,4,955
7637,5,955
7638,6,955
7639,7,955
7640,8,955
7641,1,956
7642,2,956
7643,3,956
7644,4,956
7645,5,956
7646,6,956
7647,7,956
7648,8,956
7649,1,957
7650,2,957
7651,3,957
7652,4,957
7653,5,957
7654,6,957
7655,7,957
7656,8,957
7657,1,958
7658,2,958
7659,3,958
7660,4,958
7661,5,958
7662,6,958
7663,7,958
7664,8,958
7665,1,959
7666,2,959
7667,3,959
7668,4,959
7669,5,959
7670,6,959
7671,7,959
7672,8,959
7673,1,960
7674,2,960
7675,3,960
7676,4,960
7677,5,960
7678,6,960
7679,7,960
7680,8,960
7681,1,961
7682,2,961
7683,3,961
7684,4,961
7685,5,961
7686,6,961
7687,7,961
7688,8,961
7689,1,962
7690,2,962
7691,3,962
7692,4,962
7693,5,962
7694,6,962
7695,7,962
7696,8,962
7697,1,963
7698,2,963
7699,3,963
7700,4,963
7701,5,963
7702,6,963
7703,7,963
7704,8,963
7705,1,964
7706,2,964
7707,3,964
7708,4,964
7709,5,964
7710,6,964
7711,7,964
7712,8,964
7713,1,965
7714,2,965
7715,3,965
7716,4,965
7717,5,965
7718,6,965
7719,7,965
7720,8,965
7721,1,966
7722,2,966
7723,3,966
7724,4,966
7725,5,966
7726,6,966
7727,7,966
7728,8,966
7729,1,967
7730,2,967
7731,3,967
7732,4,967
7733,5,967
7734,6,967
7735,7,967
7736,8,967
7737,1,968
7738,2,968
7739,3,968
7740,4,968
7741,5,968
7742,6,968
7743,7,968
7744,8,968
7745,1,969
7746,2,969
7747,3,969
7748,4,969
7749,5,969
7750,6,969
7751,7,969
7752,8,969
7753,1,970
7754,2,970
7755,3,970
7756,4,970
7757,5,970
7758,6,970
7759,7,970
7760,8,970
7761,1,971
7762,2,971
7763,3,971
7764,4,971
7765,5,971
7766,6,971
7767,7,971
7768,8,971
7769,1,972
7770,2,972
7771,3,972
7772,4,972
7773,5,972
7774,6,972
7775,7,972
7776,8,972
7777,1,973
7778,2,973
7779,3,973
7780,4,973
7781,5,973
7782,6,973
7783,7,973
7784,8,973
7785,1,974
7786,2,974
7787,3,974
7788,4,974
7789,5,974
7790,6,974
7791,7,974
7792,8,974
7793,1,975
7794,2,975
7795,3,975
7796,4,975
7797,5,975
7798,6,975
7799,7,975
7800,8,975
7801,1,976
7802,2,976
7803,3,976
7804,4,976
7805,5,976
7806,6,976
7807,7,976
7808,8,976
7809,1,977
7810,2,977
7811,3,977
7812,4,977
7813,5,977
7814,6,977
7815,7,977
7816,8,977
7817,1,978
7818,2,978
7819,3,978
7820,4,978
7821,5,978
7822,6,978
7823,7,978
7824,8,978
7825,1,979
7826,2,979
7827,3,979
7828,4,979
7829,5,979
7830,6,979
7831,7,979
7832,8,979
7833,1,980
7834,2,980
7835,3,980
7836,4,980
7837,5,980
7838,6,980
7839,7,980
7840,8,980
7841,1,981
7842,2,981
7843,3,981
7844,4,981
7845,5,981
7846,6,981
7847,7,981
7848,8,981
7849,1,982
7850,2,982
7851,3,982
7852,4,982
7853,5,982
7854,6,982
7855,7,982
7856,8,982
7857,1,983
7858,2,983
7859,3,983
7860,4,983
7861,5,983
7862,6,983
7863,7,983
7864,8,983
7865,1,984
7866,2,984
7867,3,984
7868,4,984
7869,5,984
7870,6,984
7871,7,984
7872,8,984
7873,1,985
7874,2,985
7875,3,985
7876,4,985
7877,5,985
7878,6,985
7879,7,985
7880,8,985
7881,1,986
7882,2,986
7883,3,986
7884,4,986
7885,5,986
7886,6,986
7887,7,986
7888,8,986
7889,1,987
7890,2,987
7891,3,987
7892,4,987
7893,5,987
7894,6,987
7895,7,987
7896,8,987
7897,1,988
7898,2,988
7899,3,988
7900,4,988
7901,5,988
7902,6,988
7903,7,988
7904,8,988
7905,1,989
7906,2,989
7907,3,989
7908,4,989
7909,5,989
7910,6,989
7911,7,989
7912,8,989
7913,1,990
7914,2,990
7915,3,990
7916,4,990
7917,5,990
7918,6,990
7919,7,990
7920,8,990
7921,1,991
7922,2,991
7923,3,991
7924,4,991
7925,5,991
7926,6,991
7927,7,991
7928,8,991
7929,1,992
7930,2,992
7931,3,992
7932,4,992
7933,5,992
7934,6,992
7935,7,992
7936,8,992
7937,1,993
7938,2,993
7939,3,993
7940,4,993
7941,5,993
7942,6,993
7943,7,993
7944,8,993
7945,1,994
7946,2,994
7947,3,994
7948,4,994
7949,5,994
7950,6,994
7951,7,994
7952,8,994
7953,1,995
7954,2,995
7955,3,995
7956,4,995
7957,5,995
7958,6,995
7959,7,995
7960,8,995
7961,1,996
7962,2,996
7963,3,996
7964,4,996
7965,5,996
7966,6,996
7967,7,996
7968,8,996
7969,1,997
7970,2,997
7971,3,997
7972,4,997
7973,5,997
7974,6,997
7975,7,997
7976,8,997
7977,1,998
7978,2,998
7979,3,998
7980,4,998
7981,5,998
7982,6,998
7983,7,998
7984,8,998
7985,1,999
7986,2,999
7987,3,999
7988,4,999
7989,5,999
7990,6,999
7991,7,999
7992,8,999
7993,1,1000
7994,2,1000
7995,3,1000
7996,4,1000
7997,5,1000
7998,6,1000
7999,7,1000
8000,8,1000
